model,duration,best_features,fold,accuracy,f1_score,precision,recall,auc_roc
XGBoost with RFECV Feature Selection,3,"time, turnover, BBB_5_2.0, BBP_5_2.0, STOCHk_14_3_3, STOCHd_14_3_3, ATR, CCI",1,0.6471551980935359,0.6832464233186255,0.6324257425742574,0.7429485315498692,0.6962416733073035
XGBoost with RFECV Feature Selection,3,"time, turnover, BBB_5_2.0, BBP_5_2.0, STOCHk_14_3_3, STOCHd_14_3_3, ATR, CCI",2,0.6376228775692583,0.6215585627624824,0.6125076640098099,0.630880959898958,0.6918304149546142
XGBoost with RFECV Feature Selection,3,"time, turnover, BBB_5_2.0, BBP_5_2.0, STOCHk_14_3_3, STOCHd_14_3_3, ATR, CCI",3,0.6344950848972297,0.6803022407503907,0.6107602339181286,0.76771537783005,0.6728037944131948
XGBoost with RFECV Feature Selection,3,"time, turnover, BBB_5_2.0, BBP_5_2.0, STOCHk_14_3_3, STOCHd_14_3_3, ATR, CCI",4,0.6365802800119154,0.6752728240617515,0.6159261956785628,0.7472754050073638,0.6846771012259935
XGBoost with RFECV Feature Selection,3,"time, turnover, BBB_5_2.0, BBP_5_2.0, STOCHk_14_3_3, STOCHd_14_3_3, ATR, CCI",5,0.6455168305034257,0.6846011131725418,0.634799705087245,0.7428817946505608,0.688738538588326
LightGBM with RFECV Feature Selection,3,"time, turnover, BBB_5_2.0, BBP_5_2.0, RSI, STOCHk_14_3_3, STOCHd_14_3_3, ATR, ROC, CCI",1,0.6669645516830504,0.7137003841229195,0.63761153054221,0.8104100029078221,0.7211721408451329
LightGBM with RFECV Feature Selection,3,"time, turnover, BBB_5_2.0, BBP_5_2.0, RSI, STOCHk_14_3_3, STOCHd_14_3_3, ATR, ROC, CCI",2,0.6496872207327972,0.6401468788249693,0.6209557732264767,0.6605620461004105,0.7042085134183937
LightGBM with RFECV Feature Selection,3,"time, turnover, BBB_5_2.0, BBP_5_2.0, RSI, STOCHk_14_3_3, STOCHd_14_3_3, ATR, ROC, CCI",3,0.6581769436997319,0.6917394224311618,0.6367457962413452,0.7571302558071156,0.7074277615654848
LightGBM with RFECV Feature Selection,3,"time, turnover, BBB_5_2.0, BBP_5_2.0, RSI, STOCHk_14_3_3, STOCHd_14_3_3, ATR, ROC, CCI",4,0.6534107834375931,0.6932102834541859,0.6274463007159905,0.7743740795287187,0.7030946915625259
LightGBM with RFECV Feature Selection,3,"time, turnover, BBB_5_2.0, BBP_5_2.0, RSI, STOCHk_14_3_3, STOCHd_14_3_3, ATR, ROC, CCI",5,0.6601131963062258,0.700682056663169,0.6440800578731614,0.7681909692263446,0.7042180358344065
XGBoost with RFECV Feature Selection,6,BBP_5_2.0,1,0.6064400715563506,0.6256381168462848,0.5978319783197832,0.6561570493753718,0.6370137321130329
XGBoost with RFECV Feature Selection,6,BBP_5_2.0,2,0.6046511627906976,0.6454545454545455,0.5954612728169709,0.7046117921774664,0.6273473132474787
XGBoost with RFECV Feature Selection,6,BBP_5_2.0,3,0.6413237924865832,0.6838370565045994,0.6364970645792564,0.7387847813742192,0.6742889194741475
XGBoost with RFECV Feature Selection,6,BBP_5_2.0,4,0.6180679785330948,0.6765968189851047,0.616658996778647,0.7494407158836689,0.6538933103048277
XGBoost with RFECV Feature Selection,6,BBP_5_2.0,5,0.6204531902206321,0.6768215283066769,0.6128735632183908,0.7556689342403629,0.6569312525848914
LightGBM with RFECV Feature Selection,6,"volume, turnover, avg_vol_last_100, MACD_12_26_9, MACDh_12_26_9, R3, BBB_5_2.0, BBP_5_2.0, RSI, STOCHk_14_3_3, STOCHd_14_3_3, ATR, CCI",1,0.6234347048300537,0.6788710907704044,0.5928063943161634,0.7941701368233195,0.6690805753129185
LightGBM with RFECV Feature Selection,6,"volume, turnover, avg_vol_last_100, MACD_12_26_9, MACDh_12_26_9, R3, BBB_5_2.0, BBP_5_2.0, RSI, STOCHk_14_3_3, STOCHd_14_3_3, ATR, CCI",2,0.627906976744186,0.6657739689341189,0.6150420583869372,0.7256275539988325,0.6683820502996585
LightGBM with RFECV Feature Selection,6,"volume, turnover, avg_vol_last_100, MACD_12_26_9, MACDh_12_26_9, R3, BBB_5_2.0, BBP_5_2.0, RSI, STOCHk_14_3_3, STOCHd_14_3_3, ATR, CCI",3,0.6520572450805009,0.6882180069462998,0.649848637739657,0.7314026121521863,0.700305460466771
LightGBM with RFECV Feature Selection,6,"volume, turnover, avg_vol_last_100, MACD_12_26_9, MACDh_12_26_9, R3, BBB_5_2.0, BBP_5_2.0, RSI, STOCHk_14_3_3, STOCHd_14_3_3, ATR, CCI",4,0.646690518783542,0.6786004882017901,0.6587677725118484,0.6996644295302014,0.6945583726903637
LightGBM with RFECV Feature Selection,6,"volume, turnover, avg_vol_last_100, MACD_12_26_9, MACDh_12_26_9, R3, BBB_5_2.0, BBP_5_2.0, RSI, STOCHk_14_3_3, STOCHd_14_3_3, ATR, CCI",5,0.6356589147286822,0.6912582112177869,0.6235186873290793,0.7755102040816326,0.6953307947917112
XGBoost with RFECV Feature Selection,9,BBP_5_2.0,1,0.6136974037600716,0.653552790044159,0.61995430312262,0.6910016977928692,0.6330645161290323
XGBoost with RFECV Feature Selection,9,BBP_5_2.0,2,0.6324977618621307,0.6879513492968452,0.64002828854314,0.743631881676253,0.6599787991975367
XGBoost with RFECV Feature Selection,9,BBP_5_2.0,3,0.6293643688451208,0.6825153374233129,0.615916955017301,0.765262252794497,0.6641662110530655
XGBoost with RFECV Feature Selection,9,BBP_5_2.0,4,0.6307072515666965,0.6847535345815821,0.616655196145905,0.7697594501718213,0.6634466229887273
XGBoost with RFECV Feature Selection,9,BBP_5_2.0,5,0.621307072515667,0.6741140215716488,0.616631430584919,0.7434154630416313,0.6517785303141496
LightGBM with RFECV Feature Selection,9,"volume, turnover, avg_vol_last_100, MACDs_12_26_9, R3, BBB_5_2.0, BBP_5_2.0, RSI, STOCHk_14_3_3, STOCHd_14_3_3, ATR, ROC, CCI",1,0.6190689346463742,0.6963967178023548,0.6006153846153847,0.8285229202037352,0.6531365758604722
LightGBM with RFECV Feature Selection,9,"volume, turnover, avg_vol_last_100, MACDs_12_26_9, R3, BBB_5_2.0, BBP_5_2.0, RSI, STOCHk_14_3_3, STOCHd_14_3_3, ATR, ROC, CCI",2,0.6418979409131602,0.6918335901386748,0.6511965192168238,0.7378800328677074,0.6795657067324667
LightGBM with RFECV Feature Selection,9,"volume, turnover, avg_vol_last_100, MACDs_12_26_9, R3, BBB_5_2.0, BBP_5_2.0, RSI, STOCHk_14_3_3, STOCHd_14_3_3, ATR, ROC, CCI",3,0.6521933751119069,0.6930067167127618,0.6410818713450293,0.7540842648323302,0.6880487936074401
LightGBM with RFECV Feature Selection,9,"volume, turnover, avg_vol_last_100, MACDs_12_26_9, R3, BBB_5_2.0, BBP_5_2.0, RSI, STOCHk_14_3_3, STOCHd_14_3_3, ATR, ROC, CCI",4,0.6427931960608774,0.6830818109610802,0.6351550960118169,0.738831615120275,0.6904205607476636
LightGBM with RFECV Feature Selection,9,"volume, turnover, avg_vol_last_100, MACDs_12_26_9, R3, BBB_5_2.0, BBP_5_2.0, RSI, STOCHk_14_3_3, STOCHd_14_3_3, ATR, ROC, CCI",5,0.6338406445837064,0.6915535444947211,0.6216949152542373,0.7790994052676296,0.6600910385028724
XGBoost with RFECV Feature Selection,12,BBP_5_2.0,1,0.589605734767025,0.6355437665782494,0.586105675146771,0.694090382387022,0.6217093184243877
XGBoost with RFECV Feature Selection,12,BBP_5_2.0,2,0.6152927120669056,0.6737588652482268,0.6339370829361296,0.7189189189189189,0.6309313318659113
XGBoost with RFECV Feature Selection,12,BBP_5_2.0,3,0.6111111111111112,0.6723704076497232,0.6007194244604317,0.7634285714285715,0.6489182907205435
XGBoost with RFECV Feature Selection,12,BBP_5_2.0,4,0.6230585424133811,0.6917440156326332,0.6194225721784777,0.7831858407079646,0.6337023043328353
XGBoost with RFECV Feature Selection,12,BBP_5_2.0,5,0.6290322580645161,0.6846114779075674,0.6240740740740741,0.7581552305961755,0.6594828512677954
LightGBM with RFECV Feature Selection,12,"low, volume, turnover, avg_vol_last_100, MACD_12_26_9, BBB_5_2.0, BBP_5_2.0, RSI, STOCHk_14_3_3, STOCHd_14_3_3, ATR, CCI",1,0.6278375149342891,0.6902038786673297,0.6045296167247387,0.8041714947856315,0.6662575565122097
LightGBM with RFECV Feature Selection,12,"low, volume, turnover, avg_vol_last_100, MACD_12_26_9, BBB_5_2.0, BBP_5_2.0, RSI, STOCHk_14_3_3, STOCHd_14_3_3, ATR, CCI",2,0.6284348864994026,0.6597374179431073,0.6677740863787376,0.6518918918918919,0.6718724064518456
LightGBM with RFECV Feature Selection,12,"low, volume, turnover, avg_vol_last_100, MACD_12_26_9, BBB_5_2.0, BBP_5_2.0, RSI, STOCHk_14_3_3, STOCHd_14_3_3, ATR, CCI",3,0.6296296296296297,0.6709129511677283,0.626362735381566,0.7222857142857143,0.6675973538351511
LightGBM with RFECV Feature Selection,12,"low, volume, turnover, avg_vol_last_100, MACD_12_26_9, BBB_5_2.0, BBP_5_2.0, RSI, STOCHk_14_3_3, STOCHd_14_3_3, ATR, CCI",4,0.6445639187574671,0.7008547008547009,0.6423963133640553,0.7710176991150443,0.6659320767727848
LightGBM with RFECV Feature Selection,12,"low, volume, turnover, avg_vol_last_100, MACD_12_26_9, BBB_5_2.0, BBP_5_2.0, RSI, STOCHk_14_3_3, STOCHd_14_3_3, ATR, CCI",5,0.600358422939068,0.5324947589098532,0.7029520295202952,0.42857142857142855,0.6959411920643678
XGBoost with RFECV Feature Selection,15,"BBB_5_2.0, BBP_5_2.0",1,0.5822122571001495,0.6104529616724739,0.6074895977808599,0.6134453781512605,0.604783900739783
XGBoost with RFECV Feature Selection,15,"BBB_5_2.0, BBP_5_2.0",2,0.6143497757847534,0.6640625,0.6327543424317618,0.6986301369863014,0.6271054884643115
XGBoost with RFECV Feature Selection,15,"BBB_5_2.0, BBP_5_2.0",3,0.6210762331838565,0.6679764243614931,0.6319702602230484,0.7083333333333334,0.6464086659475009
XGBoost with RFECV Feature Selection,15,"BBB_5_2.0, BBP_5_2.0",4,0.600896860986547,0.6500655307994758,0.5983112183353438,0.7116212338593975,0.6220228436110185
XGBoost with RFECV Feature Selection,15,"BBB_5_2.0, BBP_5_2.0",5,0.6412556053811659,0.6795727636849134,0.6492346938775511,0.7128851540616247,0.6815240519284637
LightGBM with RFECV Feature Selection,15,"time, volume, turnover, avg_vol_last_100, MACD_12_26_9, MACDh_12_26_9, MACDs_12_26_9, S2, R3, BBB_5_2.0, BBP_5_2.0, RSI, STOCHk_14_3_3, STOCHd_14_3_3, ATR, ROC, CCI",1,0.585949177877429,0.696604600219058,0.5719424460431655,0.8907563025210085,0.6281355490914314
LightGBM with RFECV Feature Selection,15,"time, volume, turnover, avg_vol_last_100, MACD_12_26_9, MACDh_12_26_9, MACDs_12_26_9, S2, R3, BBB_5_2.0, BBP_5_2.0, RSI, STOCHk_14_3_3, STOCHd_14_3_3, ATR, ROC, CCI",2,0.6278026905829597,0.6856060606060606,0.6358313817330211,0.7438356164383562,0.6554794520547945
LightGBM with RFECV Feature Selection,15,"time, volume, turnover, avg_vol_last_100, MACD_12_26_9, MACDh_12_26_9, MACDs_12_26_9, S2, R3, BBB_5_2.0, BBP_5_2.0, RSI, STOCHk_14_3_3, STOCHd_14_3_3, ATR, ROC, CCI",3,0.6195814648729447,0.63875088715401,0.6531204644412192,0.625,0.6557668104998202
LightGBM with RFECV Feature Selection,15,"time, volume, turnover, avg_vol_last_100, MACD_12_26_9, MACDh_12_26_9, MACDs_12_26_9, S2, R3, BBB_5_2.0, BBP_5_2.0, RSI, STOCHk_14_3_3, STOCHd_14_3_3, ATR, ROC, CCI",4,0.609118086696562,0.6534128561961564,0.6071428571428571,0.7073170731707317,0.6420764721550124
LightGBM with RFECV Feature Selection,15,"time, volume, turnover, avg_vol_last_100, MACD_12_26_9, MACDh_12_26_9, MACDs_12_26_9, S2, R3, BBB_5_2.0, BBP_5_2.0, RSI, STOCHk_14_3_3, STOCHd_14_3_3, ATR, ROC, CCI",5,0.6397608370702541,0.7144549763033176,0.6190965092402464,0.8445378151260504,0.6723766429648783
XGBoost with RFECV Feature Selection,18,BBP_5_2.0,1,0.5655296229802513,0.6077795786061588,0.5841121495327103,0.6334459459459459,0.5770927177177178
XGBoost with RFECV Feature Selection,18,BBP_5_2.0,2,0.6005385996409336,0.6498819826907947,0.6073529411764705,0.6988155668358714,0.6224049072609215
XGBoost with RFECV Feature Selection,18,BBP_5_2.0,3,0.6238779174147218,0.6889383815887157,0.6356164383561644,0.7520259319286872,0.6441485215996139
XGBoost with RFECV Feature Selection,18,BBP_5_2.0,4,0.6131059245960503,0.6682063125481139,0.6173541963015647,0.7281879194630873,0.6482777720193827
XGBoost with RFECV Feature Selection,18,BBP_5_2.0,5,0.618491921005386,0.6787603930461074,0.6075778078484438,0.7688356164383562,0.6339735719824244
LightGBM with RFECV Feature Selection,18,"volume, MACDs_12_26_9, S2, BBB_5_2.0, BBP_5_2.0, STOCHk_14_3_3, ROC",1,0.5969479353680431,0.7059593975114603,0.5764705882352941,0.910472972972973,0.6141788340064203
LightGBM with RFECV Feature Selection,18,"volume, MACDs_12_26_9, S2, BBB_5_2.0, BBP_5_2.0, STOCHk_14_3_3, ROC",2,0.5771992818671454,0.6155102040816326,0.5946372239747634,0.637901861252115,0.6211431510904485
LightGBM with RFECV Feature Selection,18,"volume, MACDs_12_26_9, S2, BBB_5_2.0, BBP_5_2.0, STOCHk_14_3_3, ROC",3,0.5233393177737882,0.4053751399776036,0.6557971014492754,0.293354943273906,0.6288362264347838
LightGBM with RFECV Feature Selection,18,"volume, MACDs_12_26_9, S2, BBB_5_2.0, BBP_5_2.0, STOCHk_14_3_3, ROC",4,0.6238779174147218,0.6590724165988608,0.6398104265402843,0.6795302013422819,0.6698291052317898
LightGBM with RFECV Feature Selection,18,"volume, MACDs_12_26_9, S2, BBB_5_2.0, BBP_5_2.0, STOCHk_14_3_3, ROC",5,0.6095152603231598,0.6598905394839719,0.6071942446043166,0.7226027397260274,0.6563453088653399
XGBoost with RFECV Feature Selection,21,BBP_5_2.0,1,0.5922431865828093,0.6554472984942428,0.6075533661740559,0.7115384615384616,0.6109513470400567
XGBoost with RFECV Feature Selection,21,BBP_5_2.0,2,0.5849056603773585,0.6550522648083623,0.593996840442338,0.7300970873786408,0.594249950239954
XGBoost with RFECV Feature Selection,21,BBP_5_2.0,3,0.6184486373165619,0.6761565836298932,0.6012658227848101,0.7723577235772358,0.6438668039277795
XGBoost with RFECV Feature Selection,21,BBP_5_2.0,4,0.6090146750524109,0.6666666666666667,0.5864779874213837,0.772256728778468,0.624025794200261
XGBoost with RFECV Feature Selection,21,BBP_5_2.0,5,0.610062893081761,0.6776429809358752,0.609984399375975,0.7621832358674464,0.6331547563794848
LightGBM with RFECV Feature Selection,21,"volume, BBB_5_2.0, BBP_5_2.0, STOCHd_14_3_3, ROC",1,0.6016771488469602,0.6526508226691042,0.6219512195121951,0.6865384615384615,0.6317041829138603
LightGBM with RFECV Feature Selection,21,"volume, BBB_5_2.0, BBP_5_2.0, STOCHd_14_3_3, ROC",2,0.5828092243186582,0.6314814814814815,0.6035398230088496,0.6621359223300971,0.6120751044960966
LightGBM with RFECV Feature Selection,21,"volume, BBB_5_2.0, BBP_5_2.0, STOCHd_14_3_3, ROC",3,0.6310272536687631,0.6710280373831775,0.6211072664359861,0.7296747967479674,0.6650036954915004
LightGBM with RFECV Feature Selection,21,"volume, BBB_5_2.0, BBP_5_2.0, STOCHd_14_3_3, ROC",4,0.6079664570230608,0.6340508806262231,0.601113172541744,0.6708074534161491,0.6404416839199448
LightGBM with RFECV Feature Selection,21,"volume, BBB_5_2.0, BBP_5_2.0, STOCHd_14_3_3, ROC",5,0.6184486373165619,0.6610800744878956,0.6327985739750446,0.6920077972709552,0.6656146539187475
XGBoost with RFECV Feature Selection,24,BBP_5_2.0,1,0.5863309352517986,0.6387434554973822,0.595703125,0.6884875846501128,0.6033236535363974
XGBoost with RFECV Feature Selection,24,BBP_5_2.0,2,0.5695443645083933,0.617678381256656,0.5954825462012321,0.6415929203539823,0.5911162720659778
XGBoost with RFECV Feature Selection,24,BBP_5_2.0,3,0.6139088729016786,0.6673553719008265,0.6048689138576779,0.7442396313364056,0.6530443548387097
XGBoost with RFECV Feature Selection,24,BBP_5_2.0,4,0.6270983213429256,0.6861755802219979,0.6181818181818182,0.7709750566893424,0.6574059649305014
XGBoost with RFECV Feature Selection,24,BBP_5_2.0,5,0.6223021582733813,0.6834170854271355,0.6215722120658135,0.7589285714285714,0.6363486537749815
LightGBM with RFECV Feature Selection,24,"turnover, avg_vol_last_100, MACDh_12_26_9, MACDs_12_26_9, R3, BBB_5_2.0, BBP_5_2.0, RSI, STOCHk_14_3_3, STOCHd_14_3_3, ATR, ROC, CCI",1,0.5947242206235012,0.662,0.5942549371633752,0.7471783295711061,0.6252302078943266
LightGBM with RFECV Feature Selection,24,"turnover, avg_vol_last_100, MACDh_12_26_9, MACDs_12_26_9, R3, BBB_5_2.0, BBP_5_2.0, RSI, STOCHk_14_3_3, STOCHd_14_3_3, ATR, ROC, CCI",2,0.6258992805755396,0.6722689075630253,0.64,0.7079646017699115,0.674709261919103
LightGBM with RFECV Feature Selection,24,"turnover, avg_vol_last_100, MACDh_12_26_9, MACDs_12_26_9, R3, BBB_5_2.0, BBP_5_2.0, RSI, STOCHk_14_3_3, STOCHd_14_3_3, ATR, ROC, CCI",3,0.6306954436450839,0.668103448275862,0.6275303643724697,0.7142857142857143,0.6697811059907834
LightGBM with RFECV Feature Selection,24,"turnover, avg_vol_last_100, MACDh_12_26_9, MACDs_12_26_9, R3, BBB_5_2.0, BBP_5_2.0, RSI, STOCHk_14_3_3, STOCHd_14_3_3, ATR, ROC, CCI",4,0.6498800959232613,0.6913319238900635,0.6475247524752475,0.7414965986394558,0.6698747353054878
LightGBM with RFECV Feature Selection,24,"turnover, avg_vol_last_100, MACDh_12_26_9, MACDs_12_26_9, R3, BBB_5_2.0, BBP_5_2.0, RSI, STOCHk_14_3_3, STOCHd_14_3_3, ATR, ROC, CCI",5,0.6235011990407674,0.7160940325497288,0.601823708206687,0.8839285714285714,0.6470322908956329
XGBoost with RFECV Feature Selection,27,"turnover, BBB_5_2.0, BBP_5_2.0, RSI, STOCHk_14_3_3, ROC",1,0.5789473684210527,0.6294536817102139,0.594170403587444,0.6691919191919192,0.6013687600644122
XGBoost with RFECV Feature Selection,27,"turnover, BBB_5_2.0, BBP_5_2.0, RSI, STOCHk_14_3_3, ROC",2,0.6167341430499326,0.6658823529411765,0.6402714932126696,0.6936274509803921,0.6449243361008067
XGBoost with RFECV Feature Selection,27,"turnover, BBB_5_2.0, BBP_5_2.0, RSI, STOCHk_14_3_3, ROC",3,0.6005398110661269,0.6272040302267001,0.6209476309226932,0.6335877862595419,0.6278845310169343
XGBoost with RFECV Feature Selection,27,"turnover, BBB_5_2.0, BBP_5_2.0, RSI, STOCHk_14_3_3, ROC",4,0.5789473684210527,0.6240963855421686,0.591324200913242,0.6607142857142857,0.6129319922811531
XGBoost with RFECV Feature Selection,27,"turnover, BBB_5_2.0, BBP_5_2.0, RSI, STOCHk_14_3_3, ROC",5,0.5641025641025641,0.5967540574282147,0.5731414868105515,0.6223958333333334,0.6284795168067226
LightGBM with RFECV Feature Selection,27,"turnover, MACDs_12_26_9, S3, BBB_5_2.0, BBP_5_2.0, STOCHk_14_3_3, ATR",1,0.611336032388664,0.6727272727272727,0.6115702479338843,0.7474747474747475,0.6256331430244474
LightGBM with RFECV Feature Selection,27,"turnover, MACDs_12_26_9, S3, BBB_5_2.0, BBP_5_2.0, STOCHk_14_3_3, ATR",2,0.6153846153846154,0.6570397111913358,0.6453900709219859,0.6691176470588235,0.659895189306954
LightGBM with RFECV Feature Selection,27,"turnover, MACDs_12_26_9, S3, BBB_5_2.0, BBP_5_2.0, STOCHk_14_3_3, ATR",3,0.5897435897435898,0.5766016713091922,0.6369230769230769,0.5267175572519084,0.6323155216284987
LightGBM with RFECV Feature Selection,27,"turnover, MACDs_12_26_9, S3, BBB_5_2.0, BBP_5_2.0, STOCHk_14_3_3, ATR",4,0.6167341430499326,0.6705336426914154,0.6148936170212767,0.7372448979591837,0.6522352494006198
LightGBM with RFECV Feature Selection,27,"turnover, MACDs_12_26_9, S3, BBB_5_2.0, BBP_5_2.0, STOCHk_14_3_3, ATR",5,0.5937921727395412,0.6116129032258064,0.6061381074168798,0.6171875,0.633250175070028
XGBoost with RFECV Feature Selection,30,"time, low, volume, turnover, avg_vol_last_100, MACDh_12_26_9, MACDs_12_26_9, S1, S2, R3, S3, BBB_5_2.0, BBP_5_2.0, RSI, SMA_10, SMA_20, EMA_20, STOCHk_14_3_3, STOCHd_14_3_3, ATR, CCI",1,0.5570570570570571,0.5025295109612142,0.6711711711711712,0.40161725067385445,0.6382201105578145
XGBoost with RFECV Feature Selection,30,"time, low, volume, turnover, avg_vol_last_100, MACDh_12_26_9, MACDs_12_26_9, S1, S2, R3, S3, BBB_5_2.0, BBP_5_2.0, RSI, SMA_10, SMA_20, EMA_20, STOCHk_14_3_3, STOCHd_14_3_3, ATR, CCI",2,0.5870870870870871,0.6857142857142856,0.5988023952095808,0.8021390374331551,0.5881803530876859
XGBoost with RFECV Feature Selection,30,"time, low, volume, turnover, avg_vol_last_100, MACDh_12_26_9, MACDs_12_26_9, S1, S2, R3, S3, BBB_5_2.0, BBP_5_2.0, RSI, SMA_10, SMA_20, EMA_20, STOCHk_14_3_3, STOCHd_14_3_3, ATR, CCI",3,0.6111111111111112,0.6822085889570553,0.6056644880174292,0.7808988764044944,0.6344508880028996
XGBoost with RFECV Feature Selection,30,"time, low, volume, turnover, avg_vol_last_100, MACDh_12_26_9, MACDs_12_26_9, S1, S2, R3, S3, BBB_5_2.0, BBP_5_2.0, RSI, SMA_10, SMA_20, EMA_20, STOCHk_14_3_3, STOCHd_14_3_3, ATR, CCI",4,0.581081081081081,0.6634499396863691,0.5681818181818182,0.7971014492753623,0.6025915391214051
XGBoost with RFECV Feature Selection,30,"time, low, volume, turnover, avg_vol_last_100, MACDh_12_26_9, MACDs_12_26_9, S1, S2, R3, S3, BBB_5_2.0, BBP_5_2.0, RSI, SMA_10, SMA_20, EMA_20, STOCHk_14_3_3, STOCHd_14_3_3, ATR, CCI",5,0.5630630630630631,0.6755852842809364,0.5391459074733096,0.9044776119402985,0.6315191414528566
LightGBM with RFECV Feature Selection,30,"volume, turnover, avg_vol_last_100, MACDh_12_26_9, MACDs_12_26_9, R3, S3, BBB_5_2.0, BBP_5_2.0, RSI, STOCHk_14_3_3, STOCHd_14_3_3, ATR, ROC, CCI",1,0.5900900900900901,0.6026200873362445,0.6550632911392406,0.5579514824797843,0.6445155100735529
LightGBM with RFECV Feature Selection,30,"volume, turnover, avg_vol_last_100, MACDh_12_26_9, MACDs_12_26_9, R3, S3, BBB_5_2.0, BBP_5_2.0, RSI, STOCHk_14_3_3, STOCHd_14_3_3, ATR, ROC, CCI",2,0.6081081081081081,0.7037457434733257,0.611439842209073,0.8288770053475936,0.6182788806680829
LightGBM with RFECV Feature Selection,30,"volume, turnover, avg_vol_last_100, MACDh_12_26_9, MACDs_12_26_9, R3, S3, BBB_5_2.0, BBP_5_2.0, RSI, STOCHk_14_3_3, STOCHd_14_3_3, ATR, ROC, CCI",3,0.6336336336336337,0.6863753213367609,0.6327014218009479,0.75,0.6493022834360276
LightGBM with RFECV Feature Selection,30,"volume, turnover, avg_vol_last_100, MACDh_12_26_9, MACDs_12_26_9, R3, S3, BBB_5_2.0, BBP_5_2.0, RSI, STOCHk_14_3_3, STOCHd_14_3_3, ATR, ROC, CCI",4,0.5930930930930931,0.6530089628681178,0.5848623853211009,0.7391304347826086,0.6310713801977516
LightGBM with RFECV Feature Selection,30,"volume, turnover, avg_vol_last_100, MACDh_12_26_9, MACDs_12_26_9, R3, S3, BBB_5_2.0, BBP_5_2.0, RSI, STOCHk_14_3_3, STOCHd_14_3_3, ATR, ROC, CCI",5,0.5915915915915916,0.6851851851851852,0.5595463137996219,0.8835820895522388,0.6552644631825766
XGBoost with RFECV Feature Selection,33,"turnover, avg_vol_last_100, MACD_12_26_9, BBB_5_2.0, BBP_5_2.0, STOCHk_14_3_3, CCI",1,0.5669421487603306,0.576051779935275,0.5913621262458472,0.5615141955835962,0.5983066070802664
XGBoost with RFECV Feature Selection,33,"turnover, avg_vol_last_100, MACD_12_26_9, BBB_5_2.0, BBP_5_2.0, STOCHk_14_3_3, CCI",2,0.6231404958677685,0.6724137931034483,0.612565445026178,0.7452229299363057,0.6278262963206164
XGBoost with RFECV Feature Selection,33,"turnover, avg_vol_last_100, MACD_12_26_9, BBB_5_2.0, BBP_5_2.0, STOCHk_14_3_3, CCI",3,0.5900826446280992,0.5974025974025975,0.6032786885245902,0.5916398713826366,0.6295469956471335
XGBoost with RFECV Feature Selection,33,"turnover, avg_vol_last_100, MACD_12_26_9, BBB_5_2.0, BBP_5_2.0, STOCHk_14_3_3, CCI",4,0.6165289256198347,0.6547619047619048,0.625,0.6875,0.6497039473684211
XGBoost with RFECV Feature Selection,33,"turnover, avg_vol_last_100, MACD_12_26_9, BBB_5_2.0, BBP_5_2.0, STOCHk_14_3_3, CCI",5,0.6049586776859505,0.6294573643410852,0.6424050632911392,0.6170212765957447,0.6582529403991013
LightGBM with RFECV Feature Selection,33,"volume, turnover, avg_vol_last_100, MACD_12_26_9, MACDh_12_26_9, BBB_5_2.0, BBP_5_2.0, RSI, STOCHk_14_3_3, STOCHd_14_3_3, ATR, ROC, CCI",1,0.5818181818181818,0.579034941763727,0.6126760563380281,0.5488958990536278,0.6217687521906765
LightGBM with RFECV Feature Selection,33,"volume, turnover, avg_vol_last_100, MACD_12_26_9, MACDh_12_26_9, BBB_5_2.0, BBP_5_2.0, RSI, STOCHk_14_3_3, STOCHd_14_3_3, ATR, ROC, CCI",2,0.628099173553719,0.6715328467153285,0.6199460916442049,0.732484076433121,0.6381574627355703
LightGBM with RFECV Feature Selection,33,"volume, turnover, avg_vol_last_100, MACD_12_26_9, MACDh_12_26_9, BBB_5_2.0, BBP_5_2.0, RSI, STOCHk_14_3_3, STOCHd_14_3_3, ATR, ROC, CCI",3,0.5950413223140496,0.6104928457869635,0.6037735849056604,0.617363344051447,0.6595139663582474
LightGBM with RFECV Feature Selection,33,"volume, turnover, avg_vol_last_100, MACD_12_26_9, MACDh_12_26_9, BBB_5_2.0, BBP_5_2.0, RSI, STOCHk_14_3_3, STOCHd_14_3_3, ATR, ROC, CCI",4,0.6181818181818182,0.6577777777777778,0.6253521126760564,0.69375,0.6407675438596491
LightGBM with RFECV Feature Selection,33,"volume, turnover, avg_vol_last_100, MACD_12_26_9, MACDh_12_26_9, BBB_5_2.0, BBP_5_2.0, RSI, STOCHk_14_3_3, STOCHd_14_3_3, ATR, ROC, CCI",5,0.6462809917355372,0.7027777777777777,0.6470588235294118,0.7689969604863222,0.6700696004581296
XGBoost with RFECV Feature Selection,36,"volume, turnover, MACDh_12_26_9, BBB_5_2.0, BBP_5_2.0, RSI, SMA_10, SMA_20, STOCHk_14_3_3, STOCHd_14_3_3, CCI",1,0.6046931407942239,0.5427974947807933,0.6701030927835051,0.45614035087719296,0.6492271571121111
XGBoost with RFECV Feature Selection,36,"volume, turnover, MACDh_12_26_9, BBB_5_2.0, BBP_5_2.0, RSI, SMA_10, SMA_20, STOCHk_14_3_3, STOCHd_14_3_3, CCI",2,0.6191335740072202,0.671850699844479,0.6447761194029851,0.7012987012987013,0.6539040228064619
XGBoost with RFECV Feature Selection,36,"volume, turnover, MACDh_12_26_9, BBB_5_2.0, BBP_5_2.0, RSI, SMA_10, SMA_20, STOCHk_14_3_3, STOCHd_14_3_3, CCI",3,0.5902527075812274,0.6260296540362439,0.5688622754491018,0.6959706959706959,0.6159972885951533
XGBoost with RFECV Feature Selection,36,"volume, turnover, MACDh_12_26_9, BBB_5_2.0, BBP_5_2.0, RSI, SMA_10, SMA_20, STOCHk_14_3_3, STOCHd_14_3_3, CCI",4,0.5848375451263538,0.6204620462046204,0.6045016077170418,0.6372881355932203,0.5918722596688698
XGBoost with RFECV Feature Selection,36,"volume, turnover, MACDh_12_26_9, BBB_5_2.0, BBP_5_2.0, RSI, SMA_10, SMA_20, STOCHk_14_3_3, STOCHd_14_3_3, CCI",5,0.5938628158844765,0.6533127889060093,0.5623342175066313,0.7794117647058824,0.6406575928243637
LightGBM with RFECV Feature Selection,36,"time, open, close, high, low, volume, turnover, avg_vol_last_100, MACD_12_26_9, MACDh_12_26_9, MACDs_12_26_9, PP, R1, S1, R2, S2, R3, S3, BBL_5_2.0, BBM_5_2.0, BBU_5_2.0, BBB_5_2.0, BBP_5_2.0, RSI, SMA_10, SMA_20, EMA_20, STOCHk_14_3_3, STOCHd_14_3_3, ATR, ROC, CCI",1,0.6335740072202166,0.5996055226824458,0.6846846846846847,0.5333333333333333,0.6815104676188612
LightGBM with RFECV Feature Selection,36,"time, open, close, high, low, volume, turnover, avg_vol_last_100, MACD_12_26_9, MACDh_12_26_9, MACDs_12_26_9, PP, R1, S1, R2, S2, R3, S3, BBL_5_2.0, BBM_5_2.0, BBU_5_2.0, BBB_5_2.0, BBP_5_2.0, RSI, SMA_10, SMA_20, EMA_20, STOCHk_14_3_3, STOCHd_14_3_3, ATR, ROC, CCI",2,0.6642599277978339,0.714723926380368,0.6773255813953488,0.7564935064935064,0.6726718403547672
LightGBM with RFECV Feature Selection,36,"time, open, close, high, low, volume, turnover, avg_vol_last_100, MACD_12_26_9, MACDh_12_26_9, MACDs_12_26_9, PP, R1, S1, R2, S2, R3, S3, BBL_5_2.0, BBM_5_2.0, BBU_5_2.0, BBB_5_2.0, BBP_5_2.0, RSI, SMA_10, SMA_20, EMA_20, STOCHk_14_3_3, STOCHd_14_3_3, ATR, ROC, CCI",3,0.5974729241877257,0.6636500754147813,0.5641025641025641,0.8058608058608059,0.6261911279704874
LightGBM with RFECV Feature Selection,36,"time, open, close, high, low, volume, turnover, avg_vol_last_100, MACD_12_26_9, MACDh_12_26_9, MACDs_12_26_9, PP, R1, S1, R2, S2, R3, S3, BBL_5_2.0, BBM_5_2.0, BBU_5_2.0, BBB_5_2.0, BBP_5_2.0, RSI, SMA_10, SMA_20, EMA_20, STOCHk_14_3_3, STOCHd_14_3_3, ATR, ROC, CCI",4,0.5938628158844765,0.6243739565943238,0.6151315789473685,0.6338983050847458,0.6077612721680519
LightGBM with RFECV Feature Selection,36,"time, open, close, high, low, volume, turnover, avg_vol_last_100, MACD_12_26_9, MACDh_12_26_9, MACDs_12_26_9, PP, R1, S1, R2, S2, R3, S3, BBL_5_2.0, BBM_5_2.0, BBU_5_2.0, BBB_5_2.0, BBP_5_2.0, RSI, SMA_10, SMA_20, EMA_20, STOCHk_14_3_3, STOCHd_14_3_3, ATR, ROC, CCI",5,0.6209386281588448,0.6837349397590361,0.5790816326530612,0.8345588235294118,0.6682311222361285
XGBoost with RFECV Feature Selection,39,BBP_5_2.0,1,0.5772994129158513,0.6115107913669066,0.5882352941176471,0.6367041198501873,0.6221142629090686
XGBoost with RFECV Feature Selection,39,BBP_5_2.0,2,0.5831702544031311,0.626970227670753,0.5888157894736842,0.6704119850187266,0.6090516976729907
XGBoost with RFECV Feature Selection,39,BBP_5_2.0,3,0.5851272015655578,0.6267605633802816,0.6054421768707483,0.6496350364963503,0.6267054729126244
XGBoost with RFECV Feature Selection,39,BBP_5_2.0,4,0.5909980430528375,0.6427350427350428,0.5930599369085173,0.7014925373134329,0.6180670720471716
XGBoost with RFECV Feature Selection,39,BBP_5_2.0,5,0.639921722113503,0.7003257328990228,0.6761006289308176,0.7263513513513513,0.6458595223130107
LightGBM with RFECV Feature Selection,39,"turnover, MACDh_12_26_9, MACDs_12_26_9, R3, BBB_5_2.0, BBP_5_2.0, STOCHk_14_3_3, ROC, CCI",1,0.5714285714285714,0.5427974947807933,0.6132075471698113,0.4868913857677903,0.6165346595444219
LightGBM with RFECV Feature Selection,39,"turnover, MACDh_12_26_9, MACDs_12_26_9, R3, BBB_5_2.0, BBP_5_2.0, STOCHk_14_3_3, ROC, CCI",2,0.5772994129158513,0.6301369863013699,0.580441640378549,0.6891385767790262,0.5876619389697305
LightGBM with RFECV Feature Selection,39,"turnover, MACDh_12_26_9, MACDs_12_26_9, R3, BBB_5_2.0, BBP_5_2.0, STOCHk_14_3_3, ROC, CCI",3,0.62426614481409,0.6778523489932885,0.6273291925465838,0.7372262773722628,0.6409036311558718
LightGBM with RFECV Feature Selection,39,"turnover, MACDh_12_26_9, MACDs_12_26_9, R3, BBB_5_2.0, BBP_5_2.0, STOCHk_14_3_3, ROC, CCI",4,0.6046966731898239,0.6587837837837838,0.6018518518518519,0.7276119402985075,0.6315644002211166
LightGBM with RFECV Feature Selection,39,"turnover, MACDh_12_26_9, MACDs_12_26_9, R3, BBB_5_2.0, BBP_5_2.0, STOCHk_14_3_3, ROC, CCI",5,0.639921722113503,0.6983606557377049,0.678343949044586,0.7195945945945946,0.6789126335637964
XGBoost with RFECV Feature Selection,42,"turnover, avg_vol_last_100, BBB_5_2.0, BBP_5_2.0, ATR",1,0.5738396624472574,0.603921568627451,0.5811320754716981,0.6285714285714286,0.5955084217092951
XGBoost with RFECV Feature Selection,42,"turnover, avg_vol_last_100, BBB_5_2.0, BBP_5_2.0, ATR",2,0.5907172995780591,0.612,0.6194331983805668,0.6047430830039525,0.6411210273102856
XGBoost with RFECV Feature Selection,42,"turnover, avg_vol_last_100, BBB_5_2.0, BBP_5_2.0, ATR",3,0.5632911392405063,0.6116322701688557,0.5582191780821918,0.6763485477178424,0.5831033070361334
XGBoost with RFECV Feature Selection,42,"turnover, avg_vol_last_100, BBB_5_2.0, BBP_5_2.0, ATR",4,0.5569620253164557,0.5961538461538461,0.5849056603773585,0.6078431372549019,0.5900080580177276
XGBoost with RFECV Feature Selection,42,"turnover, avg_vol_last_100, BBB_5_2.0, BBP_5_2.0, ATR",5,0.5717299578059072,0.6407079646017699,0.556923076923077,0.7541666666666667,0.5943198005698006
LightGBM with RFECV Feature Selection,42,"volume, avg_vol_last_100, BBB_5_2.0, BBP_5_2.0, STOCHk_14_3_3",1,0.5611814345991561,0.5684647302904565,0.5780590717299579,0.5591836734693878,0.5926744496925408
LightGBM with RFECV Feature Selection,42,"volume, avg_vol_last_100, BBB_5_2.0, BBP_5_2.0, STOCHk_14_3_3",2,0.5843881856540084,0.5835095137420718,0.6272727272727273,0.5454545454545454,0.6511902419830808
LightGBM with RFECV Feature Selection,42,"volume, avg_vol_last_100, BBB_5_2.0, BBP_5_2.0, STOCHk_14_3_3",3,0.5654008438818565,0.5928853754940713,0.5660377358490566,0.6224066390041494,0.5933788043381476
LightGBM with RFECV Feature Selection,42,"volume, avg_vol_last_100, BBB_5_2.0, BBP_5_2.0, STOCHk_14_3_3",4,0.5717299578059072,0.6103646833013435,0.5977443609022557,0.6235294117647059,0.6135553764884949
LightGBM with RFECV Feature Selection,42,"volume, avg_vol_last_100, BBB_5_2.0, BBP_5_2.0, STOCHk_14_3_3",5,0.6139240506329114,0.6500956022944552,0.6007067137809188,0.7083333333333334,0.6628917378917379
XGBoost with RFECV Feature Selection,45,"volume, turnover, BBB_5_2.0, BBP_5_2.0, RSI, SMA_20, EMA_20, ATR, ROC, CCI",1,0.5769230769230769,0.6491557223264541,0.6223021582733813,0.6784313725490196,0.5703890112194611
XGBoost with RFECV Feature Selection,45,"volume, turnover, BBB_5_2.0, BBP_5_2.0, RSI, SMA_20, EMA_20, ATR, ROC, CCI",2,0.5882352941176471,0.6403162055335968,0.574468085106383,0.7232142857142857,0.6063442005242464
XGBoost with RFECV Feature Selection,45,"volume, turnover, BBB_5_2.0, BBP_5_2.0, RSI, SMA_20, EMA_20, ATR, ROC, CCI",3,0.5520361990950227,0.5942622950819673,0.5776892430278885,0.6118143459915611,0.5959040856231347
XGBoost with RFECV Feature Selection,45,"volume, turnover, BBB_5_2.0, BBP_5_2.0, RSI, SMA_20, EMA_20, ATR, ROC, CCI",4,0.6221719457013575,0.6731898238747555,0.6370370370370371,0.7136929460580913,0.6346483350880453
XGBoost with RFECV Feature Selection,45,"volume, turnover, BBB_5_2.0, BBP_5_2.0, RSI, SMA_20, EMA_20, ATR, ROC, CCI",5,0.5497737556561086,0.5567928730512249,0.5841121495327103,0.5319148936170213,0.5963408366738616
LightGBM with RFECV Feature Selection,45,"time, open, close, high, low, volume, turnover, avg_vol_last_100, MACD_12_26_9, MACDh_12_26_9, MACDs_12_26_9, PP, R1, S1, R2, S2, R3, S3, BBL_5_2.0, BBU_5_2.0, BBB_5_2.0, BBP_5_2.0, RSI, SMA_10, SMA_20, EMA_5, EMA_10, EMA_20, STOCHk_14_3_3, STOCHd_14_3_3, ATR, ROC, CCI",1,0.6040723981900452,0.6628131021194604,0.6515151515151515,0.6745098039215687,0.6299674950193981
LightGBM with RFECV Feature Selection,45,"time, open, close, high, low, volume, turnover, avg_vol_last_100, MACD_12_26_9, MACDh_12_26_9, MACDs_12_26_9, PP, R1, S1, R2, S2, R3, S3, BBL_5_2.0, BBU_5_2.0, BBB_5_2.0, BBP_5_2.0, RSI, SMA_10, SMA_20, EMA_5, EMA_10, EMA_20, STOCHk_14_3_3, STOCHd_14_3_3, ATR, ROC, CCI",2,0.5904977375565611,0.6565464895635674,0.570957095709571,0.7723214285714286,0.6251023918741808
LightGBM with RFECV Feature Selection,45,"time, open, close, high, low, volume, turnover, avg_vol_last_100, MACD_12_26_9, MACDh_12_26_9, MACDs_12_26_9, PP, R1, S1, R2, S2, R3, S3, BBL_5_2.0, BBU_5_2.0, BBB_5_2.0, BBP_5_2.0, RSI, SMA_10, SMA_20, EMA_5, EMA_10, EMA_20, STOCHk_14_3_3, STOCHd_14_3_3, ATR, ROC, CCI",3,0.6018099547511312,0.6575875486381323,0.6101083032490975,0.7130801687763713,0.6255016980549553
LightGBM with RFECV Feature Selection,45,"time, open, close, high, low, volume, turnover, avg_vol_last_100, MACD_12_26_9, MACDh_12_26_9, MACDs_12_26_9, PP, R1, S1, R2, S2, R3, S3, BBL_5_2.0, BBU_5_2.0, BBB_5_2.0, BBP_5_2.0, RSI, SMA_10, SMA_20, EMA_5, EMA_10, EMA_20, STOCHk_14_3_3, STOCHd_14_3_3, ATR, ROC, CCI",4,0.6153846153846154,0.6909090909090909,0.6148867313915858,0.7883817427385892,0.6135711484073408
LightGBM with RFECV Feature Selection,45,"time, open, close, high, low, volume, turnover, avg_vol_last_100, MACD_12_26_9, MACDh_12_26_9, MACDs_12_26_9, PP, R1, S1, R2, S2, R3, S3, BBL_5_2.0, BBU_5_2.0, BBB_5_2.0, BBP_5_2.0, RSI, SMA_10, SMA_20, EMA_5, EMA_10, EMA_20, STOCHk_14_3_3, STOCHd_14_3_3, ATR, ROC, CCI",5,0.6040723981900452,0.6268656716417911,0.6282051282051282,0.625531914893617,0.658341042244835
XGBoost with RFECV Feature Selection,48,BBP_5_2.0,1,0.5048309178743962,0.5413870246085012,0.5426008968609866,0.5401785714285714,0.5389097744360902
XGBoost with RFECV Feature Selection,48,BBP_5_2.0,2,0.5628019323671497,0.578088578088578,0.5321888412017167,0.6326530612244898,0.5824049803407602
XGBoost with RFECV Feature Selection,48,BBP_5_2.0,3,0.5869565217391305,0.6104783599088839,0.6118721461187214,0.6090909090909091,0.5907099343955015
XGBoost with RFECV Feature Selection,48,BBP_5_2.0,4,0.6038647342995169,0.6255707762557078,0.5982532751091703,0.6555023923444976,0.6333877932080756
XGBoost with RFECV Feature Selection,48,BBP_5_2.0,5,0.6256038647342995,0.6709129511677283,0.6422764227642277,0.7022222222222222,0.6479835390946502
LightGBM with RFECV Feature Selection,48,"time, open, low, volume, turnover, avg_vol_last_100, MACD_12_26_9, MACDh_12_26_9, MACDs_12_26_9, S1, R2, S2, R3, S3, BBL_5_2.0, BBU_5_2.0, BBB_5_2.0, BBP_5_2.0, RSI, SMA_20, STOCHk_14_3_3, STOCHd_14_3_3, ATR, ROC, CCI",1,0.5458937198067633,0.5859030837004405,0.5782608695652174,0.59375,0.5639097744360902
LightGBM with RFECV Feature Selection,48,"time, open, low, volume, turnover, avg_vol_last_100, MACD_12_26_9, MACDh_12_26_9, MACDs_12_26_9, S1, R2, S2, R3, S3, BBL_5_2.0, BBU_5_2.0, BBB_5_2.0, BBP_5_2.0, RSI, SMA_20, STOCHk_14_3_3, STOCHd_14_3_3, ATR, ROC, CCI",2,0.5700483091787439,0.5163043478260869,0.5523255813953488,0.4846938775510204,0.5894027335704924
LightGBM with RFECV Feature Selection,48,"time, open, low, volume, turnover, avg_vol_last_100, MACD_12_26_9, MACDh_12_26_9, MACDs_12_26_9, S1, R2, S2, R3, S3, BBL_5_2.0, BBU_5_2.0, BBB_5_2.0, BBP_5_2.0, RSI, SMA_20, STOCHk_14_3_3, STOCHd_14_3_3, ATR, ROC, CCI",3,0.572463768115942,0.544987146529563,0.6272189349112426,0.4818181818181818,0.6215557638238051
LightGBM with RFECV Feature Selection,48,"time, open, low, volume, turnover, avg_vol_last_100, MACD_12_26_9, MACDh_12_26_9, MACDs_12_26_9, S1, R2, S2, R3, S3, BBL_5_2.0, BBU_5_2.0, BBB_5_2.0, BBP_5_2.0, RSI, SMA_20, STOCHk_14_3_3, STOCHd_14_3_3, ATR, ROC, CCI",4,0.5869565217391305,0.5938242280285035,0.589622641509434,0.5980861244019139,0.6244369237950753
LightGBM with RFECV Feature Selection,48,"time, open, low, volume, turnover, avg_vol_last_100, MACD_12_26_9, MACDh_12_26_9, MACDs_12_26_9, S1, R2, S2, R3, S3, BBL_5_2.0, BBU_5_2.0, BBB_5_2.0, BBP_5_2.0, RSI, SMA_20, STOCHk_14_3_3, STOCHd_14_3_3, ATR, ROC, CCI",5,0.6545893719806763,0.7014613778705637,0.6614173228346457,0.7466666666666667,0.6794356261022928
XGBoost with RFECV Feature Selection,51,BBP_5_2.0,1,0.5424164524421594,0.5572139303482586,0.5743589743589743,0.5410628019323671,0.5442612942612942
XGBoost with RFECV Feature Selection,51,BBP_5_2.0,2,0.5938303341902313,0.6165048543689321,0.6225490196078431,0.6105769230769231,0.647856459838504
XGBoost with RFECV Feature Selection,51,BBP_5_2.0,3,0.5809768637532133,0.6235565819861432,0.5648535564853556,0.6958762886597938,0.6405101771081152
XGBoost with RFECV Feature Selection,51,BBP_5_2.0,4,0.6015424164524421,0.6436781609195402,0.6194690265486725,0.6698564593301436,0.6294790005316321
XGBoost with RFECV Feature Selection,51,BBP_5_2.0,5,0.5938303341902313,0.6308411214953271,0.6053811659192825,0.6585365853658537,0.6302359490986215
LightGBM with RFECV Feature Selection,51,"volume, BBB_5_2.0, BBP_5_2.0, STOCHd_14_3_3, ATR, ROC",1,0.5372750642673522,0.5187165775401069,0.5808383233532934,0.46859903381642515,0.5745076179858789
LightGBM with RFECV Feature Selection,51,"volume, BBB_5_2.0, BBP_5_2.0, STOCHd_14_3_3, ATR, ROC",2,0.5989717223650386,0.6320754716981132,0.6203703703703703,0.6442307692307693,0.6216797705057373
LightGBM with RFECV Feature Selection,51,"volume, BBB_5_2.0, BBP_5_2.0, STOCHd_14_3_3, ATR, ROC",3,0.609254498714653,0.6256157635467982,0.5990566037735849,0.654639175257732,0.6544277028813111
LightGBM with RFECV Feature Selection,51,"volume, BBB_5_2.0, BBP_5_2.0, STOCHd_14_3_3, ATR, ROC",4,0.5886889460154242,0.6190476190476191,0.6161137440758294,0.6220095693779905,0.6141679957469431
LightGBM with RFECV Feature Selection,51,"volume, BBB_5_2.0, BBP_5_2.0, STOCHd_14_3_3, ATR, ROC",5,0.609254498714653,0.6102564102564102,0.6432432432432432,0.5804878048780487,0.6685445387062566
XGBoost with RFECV Feature Selection,54,"time, open, close, high, volume, turnover, avg_vol_last_100, MACD_12_26_9, MACDh_12_26_9, MACDs_12_26_9, PP, R1, S1, R2, S2, R3, S3, BBL_5_2.0, BBU_5_2.0, BBB_5_2.0, BBP_5_2.0, RSI, SMA_10, SMA_20, EMA_5, EMA_10, EMA_20, STOCHk_14_3_3, STOCHd_14_3_3, ATR, ROC, CCI",1,0.5640326975476839,0.6363636363636364,0.5668016194331984,0.7253886010362695,0.5835864451194092
XGBoost with RFECV Feature Selection,54,"time, open, close, high, volume, turnover, avg_vol_last_100, MACD_12_26_9, MACDh_12_26_9, MACDs_12_26_9, PP, R1, S1, R2, S2, R3, S3, BBL_5_2.0, BBU_5_2.0, BBB_5_2.0, BBP_5_2.0, RSI, SMA_10, SMA_20, EMA_5, EMA_10, EMA_20, STOCHk_14_3_3, STOCHd_14_3_3, ATR, ROC, CCI",2,0.6076294277929155,0.6712328767123287,0.6024590163934426,0.7577319587628866,0.6214766700435016
XGBoost with RFECV Feature Selection,54,"time, open, close, high, volume, turnover, avg_vol_last_100, MACD_12_26_9, MACDh_12_26_9, MACDs_12_26_9, PP, R1, S1, R2, S2, R3, S3, BBL_5_2.0, BBU_5_2.0, BBB_5_2.0, BBP_5_2.0, RSI, SMA_10, SMA_20, EMA_5, EMA_10, EMA_20, STOCHk_14_3_3, STOCHd_14_3_3, ATR, ROC, CCI",3,0.5912806539509536,0.6590909090909091,0.5991735537190083,0.7323232323232324,0.6363038670730978
XGBoost with RFECV Feature Selection,54,"time, open, close, high, volume, turnover, avg_vol_last_100, MACD_12_26_9, MACDh_12_26_9, MACDs_12_26_9, PP, R1, S1, R2, S2, R3, S3, BBL_5_2.0, BBU_5_2.0, BBB_5_2.0, BBP_5_2.0, RSI, SMA_10, SMA_20, EMA_5, EMA_10, EMA_20, STOCHk_14_3_3, STOCHd_14_3_3, ATR, ROC, CCI",4,0.553133514986376,0.6339285714285714,0.5338345864661654,0.7802197802197802,0.6191268191268191
XGBoost with RFECV Feature Selection,54,"time, open, close, high, volume, turnover, avg_vol_last_100, MACD_12_26_9, MACDh_12_26_9, MACDs_12_26_9, PP, R1, S1, R2, S2, R3, S3, BBL_5_2.0, BBU_5_2.0, BBB_5_2.0, BBP_5_2.0, RSI, SMA_10, SMA_20, EMA_5, EMA_10, EMA_20, STOCHk_14_3_3, STOCHd_14_3_3, ATR, ROC, CCI",5,0.5449591280653951,0.44147157190635455,0.66,0.3316582914572864,0.6058865757358219
LightGBM with RFECV Feature Selection,54,"time, close, low, volume, turnover, avg_vol_last_100, MACD_12_26_9, MACDh_12_26_9, MACDs_12_26_9, PP, R1, S2, R3, S3, BBB_5_2.0, BBP_5_2.0, RSI, SMA_20, EMA_20, STOCHk_14_3_3, STOCHd_14_3_3, ATR, ROC, CCI",1,0.5994550408719346,0.6852248394004281,0.583941605839416,0.8290155440414507,0.6191709844559585
LightGBM with RFECV Feature Selection,54,"time, close, low, volume, turnover, avg_vol_last_100, MACD_12_26_9, MACDh_12_26_9, MACDs_12_26_9, PP, R1, S2, R3, S3, BBB_5_2.0, BBP_5_2.0, RSI, SMA_20, EMA_20, STOCHk_14_3_3, STOCHd_14_3_3, ATR, ROC, CCI",2,0.5831062670299727,0.6433566433566434,0.5872340425531914,0.711340206185567,0.6223109469042369
LightGBM with RFECV Feature Selection,54,"time, close, low, volume, turnover, avg_vol_last_100, MACD_12_26_9, MACDh_12_26_9, MACDs_12_26_9, PP, R1, S2, R3, S3, BBB_5_2.0, BBP_5_2.0, RSI, SMA_20, EMA_20, STOCHk_14_3_3, STOCHd_14_3_3, ATR, ROC, CCI",3,0.5858310626702997,0.6607142857142857,0.592,0.7474747474747475,0.5827505827505828
LightGBM with RFECV Feature Selection,54,"time, close, low, volume, turnover, avg_vol_last_100, MACD_12_26_9, MACDh_12_26_9, MACDs_12_26_9, PP, R1, S2, R3, S3, BBB_5_2.0, BBP_5_2.0, RSI, SMA_20, EMA_20, STOCHk_14_3_3, STOCHd_14_3_3, ATR, ROC, CCI",4,0.6021798365122616,0.6666666666666666,0.5703125,0.8021978021978022,0.6525393525393526
LightGBM with RFECV Feature Selection,54,"time, close, low, volume, turnover, avg_vol_last_100, MACD_12_26_9, MACDh_12_26_9, MACDs_12_26_9, PP, R1, S2, R3, S3, BBB_5_2.0, BBP_5_2.0, RSI, SMA_20, EMA_20, STOCHk_14_3_3, STOCHd_14_3_3, ATR, ROC, CCI",5,0.5613079019073569,0.501547987616099,0.6532258064516129,0.40703517587939697,0.6517408470926059
XGBoost with RFECV Feature Selection,57,BBP_5_2.0,1,0.5632183908045977,0.5681818181818182,0.6060606060606061,0.5347593582887701,0.599627993489886
XGBoost with RFECV Feature Selection,57,BBP_5_2.0,2,0.5890804597701149,0.6166219839142092,0.6084656084656085,0.625,0.6032940084835631
XGBoost with RFECV Feature Selection,57,BBP_5_2.0,3,0.5948275862068966,0.6318537859007832,0.6142131979695431,0.6505376344086021,0.6430704898446834
XGBoost with RFECV Feature Selection,57,BBP_5_2.0,4,0.6206896551724138,0.67,0.600896860986547,0.7570621468926554,0.6545082102620016
XGBoost with RFECV Feature Selection,57,BBP_5_2.0,5,0.5660919540229885,0.6057441253263708,0.5420560747663551,0.6863905325443787,0.5859310436018644
LightGBM with RFECV Feature Selection,57,"volume, turnover, avg_vol_last_100, MACDh_12_26_9, MACDs_12_26_9, S3, BBB_5_2.0, BBP_5_2.0, RSI, STOCHk_14_3_3, STOCHd_14_3_3, ROC, CCI",1,0.5517241379310345,0.4135338345864662,0.6962025316455697,0.29411764705882354,0.6198558474773308
LightGBM with RFECV Feature Selection,57,"volume, turnover, avg_vol_last_100, MACDh_12_26_9, MACDs_12_26_9, S3, BBB_5_2.0, BBP_5_2.0, RSI, STOCHk_14_3_3, STOCHd_14_3_3, ROC, CCI",2,0.617816091954023,0.671604938271605,0.6153846153846154,0.7391304347826086,0.6388852067868505
LightGBM with RFECV Feature Selection,57,"volume, turnover, avg_vol_last_100, MACDh_12_26_9, MACDs_12_26_9, S3, BBB_5_2.0, BBP_5_2.0, RSI, STOCHk_14_3_3, STOCHd_14_3_3, ROC, CCI",3,0.6408045977011494,0.6666666666666667,0.6613756613756614,0.6720430107526881,0.6992234169653524
LightGBM with RFECV Feature Selection,57,"volume, turnover, avg_vol_last_100, MACDh_12_26_9, MACDs_12_26_9, S3, BBB_5_2.0, BBP_5_2.0, RSI, STOCHk_14_3_3, STOCHd_14_3_3, ROC, CCI",4,0.5862068965517241,0.6288659793814432,0.5781990521327014,0.6892655367231638,0.6173059768064229
LightGBM with RFECV Feature Selection,57,"volume, turnover, avg_vol_last_100, MACDh_12_26_9, MACDs_12_26_9, S3, BBB_5_2.0, BBP_5_2.0, RSI, STOCHk_14_3_3, STOCHd_14_3_3, ROC, CCI",5,0.5660919540229885,0.5746478873239436,0.5483870967741935,0.6035502958579881,0.5958480711381442
XGBoost with RFECV Feature Selection,60,"close, high, low, volume, turnover, MACD_12_26_9, MACDh_12_26_9, MACDs_12_26_9, PP, R1, S1, R2, S2, R3, S3, BBL_5_2.0, BBB_5_2.0, BBP_5_2.0, RSI, SMA_10, SMA_20, EMA_20, STOCHk_14_3_3, ATR, ROC, CCI",1,0.5303030303030303,0.42804428044280446,0.6744186046511628,0.31351351351351353,0.5989189189189189
XGBoost with RFECV Feature Selection,60,"close, high, low, volume, turnover, MACD_12_26_9, MACDh_12_26_9, MACDs_12_26_9, PP, R1, S1, R2, S2, R3, S3, BBL_5_2.0, BBB_5_2.0, BBP_5_2.0, RSI, SMA_10, SMA_20, EMA_20, STOCHk_14_3_3, ATR, ROC, CCI",2,0.5787878787878787,0.6650602409638554,0.5726141078838174,0.7931034482758621,0.6102269378131447
XGBoost with RFECV Feature Selection,60,"close, high, low, volume, turnover, MACD_12_26_9, MACDh_12_26_9, MACDs_12_26_9, PP, R1, S1, R2, S2, R3, S3, BBL_5_2.0, BBB_5_2.0, BBP_5_2.0, RSI, SMA_10, SMA_20, EMA_20, STOCHk_14_3_3, ATR, ROC, CCI",3,0.5666666666666667,0.6520681265206812,0.5630252100840336,0.7745664739884393,0.5803541843083834
XGBoost with RFECV Feature Selection,60,"close, high, low, volume, turnover, MACD_12_26_9, MACDh_12_26_9, MACDs_12_26_9, PP, R1, S1, R2, S2, R3, S3, BBL_5_2.0, BBB_5_2.0, BBP_5_2.0, RSI, SMA_10, SMA_20, EMA_20, STOCHk_14_3_3, ATR, ROC, CCI",4,0.5818181818181818,0.6270270270270271,0.6203208556149733,0.6338797814207651,0.631091780974685
XGBoost with RFECV Feature Selection,60,"close, high, low, volume, turnover, MACD_12_26_9, MACDh_12_26_9, MACDs_12_26_9, PP, R1, S1, R2, S2, R3, S3, BBL_5_2.0, BBB_5_2.0, BBP_5_2.0, RSI, SMA_10, SMA_20, EMA_20, STOCHk_14_3_3, ATR, ROC, CCI",5,0.6333333333333333,0.6134185303514377,0.7007299270072993,0.5454545454545454,0.6605298110979929
LightGBM with RFECV Feature Selection,60,"time, close, high, low, volume, turnover, avg_vol_last_100, MACD_12_26_9, MACDh_12_26_9, MACDs_12_26_9, PP, R1, S1, R2, S2, R3, S3, BBL_5_2.0, BBU_5_2.0, BBB_5_2.0, BBP_5_2.0, RSI, SMA_10, SMA_20, EMA_10, EMA_20, STOCHk_14_3_3, STOCHd_14_3_3, ATR, ROC, CCI",1,0.5424242424242425,0.49498327759197325,0.6491228070175439,0.4,0.6008946877912396
LightGBM with RFECV Feature Selection,60,"time, close, high, low, volume, turnover, avg_vol_last_100, MACD_12_26_9, MACDh_12_26_9, MACDs_12_26_9, PP, R1, S1, R2, S2, R3, S3, BBL_5_2.0, BBU_5_2.0, BBB_5_2.0, BBP_5_2.0, RSI, SMA_10, SMA_20, EMA_10, EMA_20, STOCHk_14_3_3, STOCHd_14_3_3, ATR, ROC, CCI",2,0.5909090909090909,0.6616541353383458,0.5866666666666667,0.7586206896551724,0.6467359269083407
LightGBM with RFECV Feature Selection,60,"time, close, high, low, volume, turnover, avg_vol_last_100, MACD_12_26_9, MACDh_12_26_9, MACDs_12_26_9, PP, R1, S1, R2, S2, R3, S3, BBL_5_2.0, BBU_5_2.0, BBB_5_2.0, BBP_5_2.0, RSI, SMA_10, SMA_20, EMA_10, EMA_20, STOCHk_14_3_3, STOCHd_14_3_3, ATR, ROC, CCI",3,0.5575757575757576,0.6490384615384616,0.5555555555555556,0.7803468208092486,0.5796546518905784
LightGBM with RFECV Feature Selection,60,"time, close, high, low, volume, turnover, avg_vol_last_100, MACD_12_26_9, MACDh_12_26_9, MACDs_12_26_9, PP, R1, S1, R2, S2, R3, S3, BBL_5_2.0, BBU_5_2.0, BBB_5_2.0, BBP_5_2.0, RSI, SMA_10, SMA_20, EMA_10, EMA_20, STOCHk_14_3_3, STOCHd_14_3_3, ATR, ROC, CCI",4,0.5757575757575758,0.6464646464646464,0.6009389671361502,0.6994535519125683,0.6284896472250102
LightGBM with RFECV Feature Selection,60,"time, close, high, low, volume, turnover, avg_vol_last_100, MACD_12_26_9, MACDh_12_26_9, MACDs_12_26_9, PP, R1, S1, R2, S2, R3, S3, BBL_5_2.0, BBU_5_2.0, BBB_5_2.0, BBP_5_2.0, RSI, SMA_10, SMA_20, EMA_10, EMA_20, STOCHk_14_3_3, STOCHd_14_3_3, ATR, ROC, CCI",5,0.6333333333333333,0.6430678466076696,0.6687116564417178,0.6193181818181818,0.6796413813459268
