features,f1_score,feature_importance,iteration,process,reoccurence
volume,0.9931129476584023,0.00836148213616761,88,RFE,15
ADOSC_3_10,0.9931129476584023,0.008257688912118028,88,RFE,1
BBP_5_2.0,0.9931129476584023,0.01246290925580248,88,RFE,16
BOP,0.9931129476584023,0.025684188557051398,88,RFE,20
low_Z_30_1,0.9931129476584023,0.006398266003318079,88,RFE,10
CHOP_14_1_100,0.9931129476584023,0.008015579152120693,88,RFE,3
CMF_20,0.9931129476584023,0.006541259511448433,88,RFE,2
DPO_20,0.9931129476584023,0.015225448342126947,88,RFE,20
EBSW_40_10,0.9931129476584023,0.006277794549219089,88,RFE,14
EOM_14_100000000,0.9931129476584023,0.007511033311127887,88,RFE,1
ER_10,0.9931129476584023,0.01206867573389713,88,RFE,12
FISHERTs_9_1,0.9931129476584023,0.007266447081534357,88,RFE,10
ISA_9,0.9931129476584023,0.007655584112370022,88,RFE,1
D_9_3,0.9931129476584023,0.007407495337590681,88,RFE,11
KURT_30,0.9931129476584023,0.0072507010497592185,88,RFE,5
LOGRET_1,0.9931129476584023,0.025309053162662503,88,RFE,20
MFI_14,0.9931129476584023,0.005646859978200944,88,RFE,3
PDIST,0.9931129476584023,0.007812068631440299,88,RFE,9
PCTRET_1,0.9931129476584023,0.029883181033158745,88,RFE,20
PVOs_12_26_9,0.9931129476584023,0.006945287315893495,88,RFE,2
RVI_14,0.9931129476584023,0.008342359795913905,88,RFE,16
SKEW_30,0.9931129476584023,0.009083311711174278,88,RFE,12
SLOPE_1,0.9931129476584023,0.02071052655214335,88,RFE,20
SMIo_5_20_5,0.9931129476584023,0.006181165123149118,88,RFE,4
STOCHd_14_3_3,0.9931129476584023,0.0071172999875209145,88,RFE,7
STOCHRSIk_14_14_3_3,0.9931129476584023,0.006903050411087224,88,RFE,1
TRUERANGE_1,0.9931129476584023,0.006091722487113077,88,RFE,1
UO_7_14_28,0.9931129476584023,0.007350733735270214,88,RFE,2
VHF_28,0.9931129476584023,0.00744865975924047,88,RFE,6
WILLR_14,0.9931129476584023,0.010083087779486244,88,RFE,12
PPOh_10_50_9,0.9931129476584023,0.006938612112642894,88,RFE,2
TSIs_10_50_13,0.9931129476584023,0.009424765088616992,88,RFE,1
UO_10_14_50,0.9931129476584023,0.008333070283798615,88,RFE,5
HA_high_low,0.9931129476584023,0.008592594454391936,88,RFE,9
HA_body,0.9931129476584023,0.007938458132042737,88,RFE,9
HA_close_change,0.9931129476584023,0.007128686626898159,88,RFE,2
HA_mfi,0.9931129476584023,0.006770907202883817,88,RFE,1
tlb_slowk,0.9931129476584023,0.00875592247487035,88,RFE,9
tlb_slowd,0.9931129476584023,0.00739898807648291,88,RFE,10
tlb_MFI,0.9931129476584023,0.008153841566297067,88,RFE,4
tlb_WilliamsR,0.9931129476584023,0.010070345920209023,88,RFE,13
tlb_UO,0.9931129476584023,0.008887980975209432,88,RFE,3
tlb_ADX,0.9931129476584023,0.008509186646152514,88,RFE,6
price_diff,0.9931129476584023,0.027431243807269766,88,RFE,20
op_cl_diff,0.9931129476584023,0.023528824368673592,88,RFE,20
pct_change,0.9931129476584023,0.025500485257920796,88,RFE,20
diff_1,0.9931129476584023,0.02882101393862981,88,RFE,20
diff_2,0.9931129476584023,0.00830938394287989,88,RFE,7
diff_15,0.9931129476584023,0.0067903274953342,88,RFE,1
williams_r,0.9931129476584023,0.009743510013996967,88,RFE,12
cmf,0.9931129476584023,0.00791633170079103,88,RFE,3
lag_return_1,0.9931129476584023,0.008790445778040426,88,RFE,13
lag_return_2,0.9931129476584023,0.007466929589362615,88,RFE,10
lag_return_3,0.9931129476584023,0.008041081089203185,88,RFE,11
lag_return_4,0.9931129476584023,0.008428218489117992,88,RFE,9
lag_return_5,0.9931129476584023,0.008737480887420905,88,RFE,7
lag_rsi_1,0.9931129476584023,0.0078495620343368,88,RFE,1
roc_10,0.9931129476584023,0.007157496307900769,88,RFE,1
std_5,0.9931129476584023,0.007099456122250707,88,RFE,2
price_to_ema_5,0.9931129476584023,0.007177980871373481,88,RFE,2
ema_to_ma_5,0.9931129476584023,0.007235036909417379,88,RFE,6
price_to_prev_high,0.9931129476584023,0.009923080074871088,88,RFE,15
price_to_prev_low,0.9931129476584023,0.011187154691127599,88,RFE,15
return_volume_corr_5,0.9931129476584023,0.008098267058637915,88,RFE,10
return_volume_corr_10,0.9931129476584023,0.007537657720941265,88,RFE,5
return_volume_corr_50,0.9931129476584023,0.006888135746342302,88,RFE,10
return_volume_corr_100,0.9931129476584023,0.007033407467516133,88,RFE,2
price_volume_corr_5,0.9931129476584023,0.008787584583465423,88,RFE,9
price_volume_corr_10,0.9931129476584023,0.007932118033452515,88,RFE,5
price_volume_corr_20,0.9931129476584023,0.006346527373475481,88,RFE,3
price_volume_corr_50,0.9931129476584023,0.007550653518001641,88,RFE,6
price_to_volume,0.9931129476584023,0.00870602544670668,88,RFE,15
vrsi,0.9931129476584023,0.006650469358825431,88,RFE,10
volume_change,0.9931129476584023,0.009149241446099916,88,RFE,15
volume_std_5,0.9931129476584023,0.006664261081329967,88,RFE,9
volume_to_ma_volume,0.9931129476584023,0.0076569834226461264,88,RFE,6
close_change,0.9931129476584023,0.017420596548400977,88,RFE,20
high_pct,0.9931129476584023,0.009598279271876448,88,RFE,7
high_pct_roll5,0.9931129476584023,0.0067646754986876115,88,RFE,6
volume_ema5,0.9931129476584023,0.007508982226627049,88,RFE,13
BBB_5_2.0_5,0.9931129476584023,0.007478127009858507,88,RFE,1
BBP_5_2.0_5,0.9931129476584023,0.00942052830538369,88,RFE,19
equivolume_width,0.9931129476584023,0.007540987189353323,88,RFE,14
kagi_dir,0.9931129476584023,0.12288433956622928,88,RFE,20
kagi_volume,0.9931129476584023,0.01682048751293666,88,RFE,20
kagi_rsi,0.9931129476584023,0.014521488897071739,88,RFE,20
kagi_slowk,0.9931129476584023,0.019104282863808573,88,RFE,20
kagi_slowd,0.9931129476584023,0.006604569412803091,88,RFE,17
BBP_5_2.0,0.9924294562973159,0.009594713106999758,66,RFE,16
BOP,0.9924294562973159,0.030445548663358895,66,RFE,20
CHOP_14_1_100,0.9924294562973159,0.00897874830480026,66,RFE,3
DPO_20,0.9924294562973159,0.016394825682731755,66,RFE,20
ER_10,0.9924294562973159,0.01522631699268503,66,RFE,12
D_9_3,0.9924294562973159,0.011322749721768196,66,RFE,11
J_9_3,0.9924294562973159,0.008150950656633214,66,RFE,6
KURT_30,0.9924294562973159,0.009308762378588648,66,RFE,5
LOGRET_1,0.9924294562973159,0.026186159457643587,66,RFE,20
MASSI_9_25,0.9924294562973159,0.009951647772816966,66,RFE,7
PDIST,0.9924294562973159,0.008837325165094796,66,RFE,9
PCTRET_1,0.9924294562973159,0.03434525192475358,66,RFE,20
RVGI_14_4,0.9924294562973159,0.009605675472824185,66,RFE,1
RVI_14,0.9924294562973159,0.012430698209136221,66,RFE,16
SKEW_30,0.9924294562973159,0.011828943334586667,66,RFE,12
SLOPE_1,0.9924294562973159,0.021775394740787886,66,RFE,20
VHF_28,0.9924294562973159,0.011784416129773418,66,RFE,6
WILLR_14,0.9924294562973159,0.01034535667834946,66,RFE,12
PPOh_10_50_9,0.9924294562973159,0.010349711340448788,66,RFE,2
HA_high_low,0.9924294562973159,0.012587751489138141,66,RFE,9
HA_body,0.9924294562973159,0.011044476409891757,66,RFE,9
volume_tlb,0.9924294562973159,0.0098191529805781,66,RFE,16
tlb_slowk,0.9924294562973159,0.011459021749810219,66,RFE,9
tlb_MFI,0.9924294562973159,0.009362851873405444,66,RFE,4
tlb_CMF,0.9924294562973159,0.013135692949038116,66,RFE,10
tlb_WilliamsR,0.9924294562973159,0.012704720137377667,66,RFE,13
tlb_UO,0.9924294562973159,0.009929718545508458,66,RFE,3
tlb_ADX,0.9924294562973159,0.00971551070322729,66,RFE,6
price_diff,0.9924294562973159,0.025962658150678206,66,RFE,20
op_cl_diff,0.9924294562973159,0.025905415989012293,66,RFE,20
pct_change,0.9924294562973159,0.03175153905540511,66,RFE,20
diff_1,0.9924294562973159,0.014453776167955915,66,RFE,20
diff_2,0.9924294562973159,0.010632610607352024,66,RFE,7
diff_11,0.9924294562973159,0.009023547608295308,66,RFE,2
diff_16,0.9924294562973159,0.009392917314188086,66,RFE,1
williams_r,0.9924294562973159,0.012705433347651224,66,RFE,12
obv,0.9924294562973159,0.007900626819823637,66,RFE,3
cmf,0.9924294562973159,0.009881570863019913,66,RFE,3
lag_return_1,0.9924294562973159,0.012113798787167009,66,RFE,13
lag_return_2,0.9924294562973159,0.010421006545262212,66,RFE,10
lag_return_3,0.9924294562973159,0.010804988816982134,66,RFE,11
lag_return_4,0.9924294562973159,0.011046336176865694,66,RFE,9
lag_return_5,0.9924294562973159,0.011092499021951564,66,RFE,7
price_to_prev_high,0.9924294562973159,0.011676770043710734,66,RFE,15
price_to_prev_low,0.9924294562973159,0.01604740848367378,66,RFE,15
return_volume_corr_5,0.9924294562973159,0.010486059818735915,66,RFE,10
return_volume_corr_10,0.9924294562973159,0.009545951769991883,66,RFE,5
return_volume_corr_20,0.9924294562973159,0.009833512236005633,66,RFE,2
return_volume_corr_50,0.9924294562973159,0.009132193721465343,66,RFE,10
price_volume_corr_5,0.9924294562973159,0.008690639202847697,66,RFE,9
price_volume_corr_10,0.9924294562973159,0.01114468842105257,66,RFE,5
price_volume_corr_20,0.9924294562973159,0.013542456181977637,66,RFE,3
vrsi,0.9924294562973159,0.009644591509615542,66,RFE,10
volume_change,0.9924294562973159,0.010059322639379815,66,RFE,15
volume_to_ma_volume,0.9924294562973159,0.010422353292961161,66,RFE,6
close_change,0.9924294562973159,0.01761727495051488,66,RFE,20
high_pct,0.9924294562973159,0.01068219191285038,66,RFE,7
high_pct_roll5,0.9924294562973159,0.009751961280862162,66,RFE,6
volume_ema5,0.9924294562973159,0.010137458197505307,66,RFE,13
turnover,0.9924294562973159,0.01089627937523808,66,RFE,7
BBP_5_2.0_5,0.9924294562973159,0.01168146482862354,66,RFE,19
kagi_dir,0.9924294562973159,0.13582263355640425,66,RFE,20
kagi_volume,0.9924294562973159,0.020690638392267563,66,RFE,20
kagi_rsi,0.9924294562973159,0.01876002602780531,66,RFE,20
kagi_slowk,0.9924294562973159,0.022974774182859568,66,RFE,20
kagi_slowd,0.9924294562973159,0.011048532130284412,66,RFE,17
BBP_5_2.0,0.9931129476584023,0.017200118207796298,44,RFE,16
BOP,0.9931129476584023,0.04404906655691717,44,RFE,20
DPO_20,0.9931129476584023,0.023271443554967023,44,RFE,20
EBSW_40_10,0.9931129476584023,0.01202473804336611,44,RFE,14
ER_10,0.9931129476584023,0.016489085135936176,44,RFE,12
D_9_3,0.9931129476584023,0.014210423024173472,44,RFE,11
LOGRET_1,0.9931129476584023,0.04102868045288314,44,RFE,20
PDIST,0.9931129476584023,0.013182155516149622,44,RFE,9
PCTRET_1,0.9931129476584023,0.04055443944278034,44,RFE,20
RSX_14,0.9931129476584023,0.015415899930985397,44,RFE,1
RVI_14,0.9931129476584023,0.01233442661013632,44,RFE,16
SKEW_30,0.9931129476584023,0.013437403011401592,44,RFE,12
SLOPE_1,0.9931129476584023,0.029190952385086816,44,RFE,20
WILLR_14,0.9931129476584023,0.014661741385311379,44,RFE,12
UO_10_14_50,0.9931129476584023,0.01195433500636827,44,RFE,5
HA_high_low,0.9931129476584023,0.014519782908870968,44,RFE,9
HA_body,0.9931129476584023,0.015937073116292895,44,RFE,9
roc_renko,0.9931129476584023,0.01418210639658308,44,RFE,1
volume_tlb,0.9931129476584023,0.016635702024212256,44,RFE,16
tlb_WilliamsR,0.9931129476584023,0.013901766116573205,44,RFE,13
tlb_ADX,0.9931129476584023,0.014926301988028192,44,RFE,6
price_diff,0.9931129476584023,0.027951381707257576,44,RFE,20
op_cl_diff,0.9931129476584023,0.033971619110139496,44,RFE,20
pct_change,0.9931129476584023,0.030553874608640168,44,RFE,20
diff_1,0.9931129476584023,0.026078805267203044,44,RFE,20
diff_11,0.9931129476584023,0.014522375253673125,44,RFE,2
williams_r,0.9931129476584023,0.014667469863282398,44,RFE,12
lag_return_1,0.9931129476584023,0.013164788004535901,44,RFE,13
lag_return_2,0.9931129476584023,0.014934400891604508,44,RFE,10
lag_return_4,0.9931129476584023,0.013275382846224074,44,RFE,9
price_to_prev_high,0.9931129476584023,0.014317996238289091,44,RFE,15
price_to_prev_low,0.9931129476584023,0.019122713622818463,44,RFE,15
return_volume_corr_5,0.9931129476584023,0.012221360039284838,44,RFE,10
return_volume_corr_50,0.9931129476584023,0.011927329208683566,44,RFE,10
price_to_volume,0.9931129476584023,0.015158510913519154,44,RFE,15
volume_change,0.9931129476584023,0.013693658315907888,44,RFE,15
close_change,0.9931129476584023,0.029639269737164575,44,RFE,20
high_pct_roll5,0.9931129476584023,0.013740578371716996,44,RFE,6
BBP_5_2.0_5,0.9931129476584023,0.015709051988680684,44,RFE,19
kagi_dir,0.9931129476584023,0.16568937704418968,44,RFE,20
kagi_volume,0.9931129476584023,0.02839475752911566,44,RFE,20
kagi_rsi,0.9931129476584023,0.021673606303904618,44,RFE,20
kagi_slowk,0.9931129476584023,0.028270209880733612,44,RFE,20
kagi_slowd,0.9931129476584023,0.012213842438611186,44,RFE,17
BBP_5_2.0,0.9951690821256038,0.021602049305499076,22,RFE,16
BOP,0.9951690821256038,0.0696362294164779,22,RFE,20
DPO_20,0.9951690821256038,0.027077100317472128,22,RFE,20
ER_10,0.9951690821256038,0.02233291549303711,22,RFE,12
LOGRET_1,0.9951690821256038,0.03329077921003975,22,RFE,20
PCTRET_1,0.9951690821256038,0.05851356351741951,22,RFE,20
RVI_14,0.9951690821256038,0.018361656630934496,22,RFE,16
SKEW_30,0.9951690821256038,0.017680278018357153,22,RFE,12
SLOPE_1,0.9951690821256038,0.05118850649186523,22,RFE,20
tlb_WilliamsR,0.9951690821256038,0.016993242398331013,22,RFE,13
price_diff,0.9951690821256038,0.05588982650088226,22,RFE,20
op_cl_diff,0.9951690821256038,0.07927575029056036,22,RFE,20
pct_change,0.9951690821256038,0.045437014043550876,22,RFE,20
diff_1,0.9951690821256038,0.04436929207730147,22,RFE,20
williams_r,0.9951690821256038,0.020685998045170087,22,RFE,12
price_to_prev_low,0.9951690821256038,0.019493412983920107,22,RFE,15
price_to_volume,0.9951690821256038,0.022225093500768282,22,RFE,15
close_change,0.9951690821256038,0.04469027153762539,22,RFE,20
kagi_dir,0.9951690821256038,0.24299508597955102,22,RFE,20
kagi_volume,0.9951690821256038,0.02781359487687653,22,RFE,20
kagi_rsi,0.9951690821256038,0.02665966279366246,22,RFE,20
kagi_slowk,0.9951690821256038,0.03378867657069783,22,RFE,20
volume,0.9938398357289527,0.008977706398526276,88,RFE,15
ADX_14,0.9938398357289527,0.0064091986050200936,88,RFE,3
BBB_5_2.0,0.9938398357289527,0.006153539207273748,88,RFE,1
BBP_5_2.0,0.9938398357289527,0.008216022913809042,88,RFE,16
BOP,0.9938398357289527,0.032081618165338076,88,RFE,20
CFO_9,0.9938398357289527,0.00886060512759604,88,RFE,11
CHOP_14_1_100,0.9938398357289527,0.006579497248516275,88,RFE,3
CMF_20,0.9938398357289527,0.006501860257567668,88,RFE,2
CTI_12,0.9938398357289527,0.006904219156830618,88,RFE,3
DEC_1,0.9938398357289527,0.012136033546629732,88,RFE,12
DPO_20,0.9938398357289527,0.020214803064382128,88,RFE,20
ER_10,0.9938398357289527,0.006235713155150425,88,RFE,12
FISHERT_9_1,0.9938398357289527,0.006663790712064278,88,RFE,7
INC_1,0.9938398357289527,0.01554679933929778,88,RFE,8
INERTIA_20_14,0.9938398357289527,0.0066718620899614165,88,RFE,1
D_9_3,0.9938398357289527,0.0054932074883758805,88,RFE,11
J_9_3,0.9938398357289527,0.0049747927901056645,88,RFE,6
KURT_30,0.9938398357289527,0.005650387390250156,88,RFE,5
LOGRET_1,0.9938398357289527,0.021670798262132012,88,RFE,20
MFI_14,0.9938398357289527,0.005226058165456808,88,RFE,3
PDIST,0.9938398357289527,0.006702855402086678,88,RFE,9
PCTRET_1,0.9938398357289527,0.018307620173444658,88,RFE,20
PVOh_12_26_9,0.9938398357289527,0.005432860565886801,88,RFE,1
RVGIs_14_4,0.9938398357289527,0.005548915396210654,88,RFE,1
RVI_14,0.9938398357289527,0.007222442693955401,88,RFE,16
SKEW_30,0.9938398357289527,0.006914973651593808,88,RFE,12
SLOPE_1,0.9938398357289527,0.022621495640310546,88,RFE,20
SMIo_5_20_5,0.9938398357289527,0.005228358335084063,88,RFE,4
THERMO_20_2_0.5,0.9938398357289527,0.006232077924443727,88,RFE,3
UO_7_14_28,0.9938398357289527,0.005192854714749333,88,RFE,2
VHF_28,0.9938398357289527,0.006026130478970342,88,RFE,6
WILLR_14,0.9938398357289527,0.0068242744500839345,88,RFE,12
KVO_10_50_13,0.9938398357289527,0.005728573364532411,88,RFE,4
PVOs_10_50_9,0.9938398357289527,0.006205673112663656,88,RFE,1
SMI_10_50_5,0.9938398357289527,0.006534838255528121,88,RFE,13
TSI_10_50_13,0.9938398357289527,0.006698519065257074,88,RFE,9
UO_10_14_50,0.9938398357289527,0.006457087729334724,88,RFE,5
HA_body,0.9938398357289527,0.006325815987210487,88,RFE,9
HA_close_change,0.9938398357289527,0.005593665427459017,88,RFE,2
volume_tlb,0.9938398357289527,0.006775950340916492,88,RFE,16
tlb_slowk,0.9938398357289527,0.00737762940408527,88,RFE,9
tlb_slowd,0.9938398357289527,0.005695256718646137,88,RFE,10
tlb_CMF,0.9938398357289527,0.006282182795647313,88,RFE,10
tlb_WilliamsR,0.9938398357289527,0.007549943741536631,88,RFE,13
price_diff,0.9938398357289527,0.01352409849352346,88,RFE,20
op_cl_diff,0.9938398357289527,0.032370746539582586,88,RFE,20
pct_change,0.9938398357289527,0.022187543305011576,88,RFE,20
diff_1,0.9938398357289527,0.014856131012135197,88,RFE,20
diff_2,0.9938398357289527,0.005921843342181765,88,RFE,7
diff_4,0.9938398357289527,0.00470905749861605,88,RFE,1
diff_21,0.9938398357289527,0.005228359746008,88,RFE,1
williams_r,0.9938398357289527,0.006378887945427799,88,RFE,12
lag_return_1,0.9938398357289527,0.006845259906396578,88,RFE,13
lag_return_2,0.9938398357289527,0.0066134366077492315,88,RFE,10
lag_return_3,0.9938398357289527,0.006283034192447897,88,RFE,11
lag_return_4,0.9938398357289527,0.0069668348716110705,88,RFE,9
lag_return_5,0.9938398357289527,0.005368439882365199,88,RFE,7
ema_to_ma_5,0.9938398357289527,0.006002102527954296,88,RFE,6
price_to_prev_high,0.9938398357289527,0.007383859389662084,88,RFE,15
price_to_prev_low,0.9938398357289527,0.007351703783796915,88,RFE,15
return_volume_corr_5,0.9938398357289527,0.0056775985993269065,88,RFE,10
return_volume_corr_20,0.9938398357289527,0.00783530323311968,88,RFE,2
price_volume_corr_5,0.9938398357289527,0.005913630141332361,88,RFE,9
price_volume_corr_10,0.9938398357289527,0.005762416511488,88,RFE,5
price_volume_corr_20,0.9938398357289527,0.0061701135817983956,88,RFE,3
price_to_volume,0.9938398357289527,0.0062610888222874965,88,RFE,15
vrsi,0.9938398357289527,0.006513532768154756,88,RFE,10
volume_change,0.9938398357289527,0.0061139148952161744,88,RFE,15
volume_std_5,0.9938398357289527,0.005534977126385959,88,RFE,9
volume_to_ma_volume,0.9938398357289527,0.005369932011820052,88,RFE,6
close_change,0.9938398357289527,0.027675530777723324,88,RFE,20
high_pct,0.9938398357289527,0.006188088885873034,88,RFE,7
high_pct_roll5,0.9938398357289527,0.0054008387643589405,88,RFE,6
volatility_5,0.9938398357289527,0.005541271731262262,88,RFE,1
price_to_ema5,0.9938398357289527,0.006469899194887281,88,RFE,6
volume_change_roll5,0.9938398357289527,0.006119187475147611,88,RFE,4
BBP_5_2.0_5,0.9938398357289527,0.007664605562087784,88,RFE,19
hollow_candle,0.9938398357289527,0.016865204339683918,88,RFE,16
equivolume_width,0.9938398357289527,0.006397523024155519,88,RFE,14
kagi_dir,0.9938398357289527,0.22201575401291135,88,RFE,20
kagi_start,0.9938398357289527,0.007386551415392607,88,RFE,8
kagi_volume,0.9938398357289527,0.017893165806310826,88,RFE,20
kagi_macdhist,0.9938398357289527,0.005904114109527478,88,RFE,10
kagi_rsi,0.9938398357289527,0.01818877627171914,88,RFE,20
kagi_slowk,0.9938398357289527,0.01987628293840501,88,RFE,20
kagi_slowd,0.9938398357289527,0.008120764047819983,88,RFE,17
kagi_adx,0.9938398357289527,0.005456118491077979,88,RFE,3
kagi_ad,0.9938398357289527,0.007043967962335113,88,RFE,6
ADX_14,0.9938398357289527,0.007871784426697196,66,RFE,3
BBP_5_2.0,0.9938398357289527,0.010708306195622809,66,RFE,16
BOP,0.9938398357289527,0.033559597165281674,66,RFE,20
low_Z_30_1,0.9938398357289527,0.007224137147756733,66,RFE,10
CFO_9,0.9938398357289527,0.00805356905543004,66,RFE,11
DEC_1,0.9938398357289527,0.021631950576911127,66,RFE,12
DPO_20,0.9938398357289527,0.01915423028848445,66,RFE,20
EBSW_40_10,0.9938398357289527,0.006936401855484466,66,RFE,14
ER_10,0.9938398357289527,0.007524764891031775,66,RFE,12
FISHERT_9_1,0.9938398357289527,0.00838137294282588,66,RFE,7
FISHERTs_9_1,0.9938398357289527,0.006085261351942727,66,RFE,10
INC_1,0.9938398357289527,0.015056335478406992,66,RFE,8
LOGRET_1,0.9938398357289527,0.03163104498435021,66,RFE,20
MASSI_9_25,0.9938398357289527,0.007036804657247325,66,RFE,7
PCTRET_1,0.9938398357289527,0.02795187357414301,66,RFE,20
RVI_14,0.9938398357289527,0.008238470652226697,66,RFE,16
SKEW_30,0.9938398357289527,0.006457202707356725,66,RFE,12
SLOPE_1,0.9938398357289527,0.035285875507822924,66,RFE,20
THERMO_20_2_0.5,0.9938398357289527,0.005587760088019093,66,RFE,3
VHF_28,0.9938398357289527,0.006147475111687167,66,RFE,6
WILLR_14,0.9938398357289527,0.008502147960258912,66,RFE,12
KVO_10_50_13,0.9938398357289527,0.007914451199982266,66,RFE,4
SMIs_10_50_5,0.9938398357289527,0.007994593926552997,66,RFE,3
TSI_10_50_13,0.9938398357289527,0.007651998540693039,66,RFE,9
UO_10_14_50,0.9938398357289527,0.006242779289285869,66,RFE,5
HA_body,0.9938398357289527,0.00736498785685322,66,RFE,9
volume_tlb,0.9938398357289527,0.006732115339858474,66,RFE,16
tlb_slowk,0.9938398357289527,0.006934914070012312,66,RFE,9
tlb_slowd,0.9938398357289527,0.0073394053895475,66,RFE,10
tlb_MFI,0.9938398357289527,0.006409480142848515,66,RFE,4
tlb_CMF,0.9938398357289527,0.006585966098404495,66,RFE,10
tlb_WilliamsR,0.9938398357289527,0.008420945486308565,66,RFE,13
tlb_UO,0.9938398357289527,0.006715829658683721,66,RFE,3
price_diff,0.9938398357289527,0.026756800912168432,66,RFE,20
op_cl_diff,0.9938398357289527,0.04197140821700809,66,RFE,20
pct_change,0.9938398357289527,0.03666258551288685,66,RFE,20
diff_1,0.9938398357289527,0.028380688131802997,66,RFE,20
diff_2,0.9938398357289527,0.006212911442960019,66,RFE,7
lag_return_1,0.9938398357289527,0.007965085772972997,66,RFE,13
lag_return_2,0.9938398357289527,0.007613015221424991,66,RFE,10
lag_return_3,0.9938398357289527,0.006069100696966466,66,RFE,11
price_to_ma_5,0.9938398357289527,0.008019465162598423,66,RFE,2
ema_to_ma_5,0.9938398357289527,0.006822480816424671,66,RFE,6
price_to_prev_high,0.9938398357289527,0.009381388194360974,66,RFE,15
price_to_prev_low,0.9938398357289527,0.010204476282278222,66,RFE,15
return_volume_corr_5,0.9938398357289527,0.006123758015135557,66,RFE,10
price_volume_corr_5,0.9938398357289527,0.006436570240122997,66,RFE,9
price_volume_corr_50,0.9938398357289527,0.006037467065901213,66,RFE,6
price_to_volume,0.9938398357289527,0.006701338980019305,66,RFE,15
vrsi,0.9938398357289527,0.007484373350534344,66,RFE,10
volume_change,0.9938398357289527,0.005807274443484147,66,RFE,15
volume_std_5,0.9938398357289527,0.006898492350212012,66,RFE,9
volume_to_ma_volume,0.9938398357289527,0.005689575023529463,66,RFE,6
close_change,0.9938398357289527,0.021943010164715074,66,RFE,20
volume_ema5,0.9938398357289527,0.006949761258068062,66,RFE,13
price_to_ema5,0.9938398357289527,0.006589929344098309,66,RFE,6
BBP_5_2.0_5,0.9938398357289527,0.008472882229290482,66,RFE,19
hollow_candle,0.9938398357289527,0.018892724914576307,66,RFE,16
equivolume_width,0.9938398357289527,0.007947272263597625,66,RFE,14
kagi_dir,0.9938398357289527,0.2234687450322761,66,RFE,20
kagi_start,0.9938398357289527,0.00756860401922918,66,RFE,8
kagi_volume,0.9938398357289527,0.01612872524859672,66,RFE,20
kagi_rsi,0.9938398357289527,0.020220667719434333,66,RFE,20
kagi_slowk,0.9938398357289527,0.02213830251310106,66,RFE,20
kagi_slowd,0.9938398357289527,0.009656291412916443,66,RFE,17
kagi_ad,0.9938398357289527,0.007450994429289369,66,RFE,6
volume,0.9931506849315068,0.011720347742733216,44,RFE,15
BBP_5_2.0,0.9931506849315068,0.012600296918782729,44,RFE,16
BOP,0.9931506849315068,0.03956787969339522,44,RFE,20
low_Z_30_1,0.9931506849315068,0.01051781385543572,44,RFE,10
CFO_9,0.9931506849315068,0.011187086735487076,44,RFE,11
CTI_12,0.9931506849315068,0.009788248604549597,44,RFE,3
DEC_1,0.9931506849315068,0.014946891850386236,44,RFE,12
DPO_20,0.9931506849315068,0.026783964690869484,44,RFE,20
ER_10,0.9931506849315068,0.009019744789810932,44,RFE,12
LOGRET_1,0.9931506849315068,0.03210372081874826,44,RFE,20
PCTRET_1,0.9931506849315068,0.030876366692263624,44,RFE,20
PVR,0.9931506849315068,0.02358522948143205,44,RFE,8
RVI_14,0.9931506849315068,0.01025762441247517,44,RFE,16
SKEW_30,0.9931506849315068,0.010051715782329036,44,RFE,12
SLOPE_1,0.9931506849315068,0.02067524414366489,44,RFE,20
WILLR_14,0.9931506849315068,0.010275233150823635,44,RFE,12
SMI_10_50_5,0.9931506849315068,0.013104230611603828,44,RFE,13
HA_body,0.9931506849315068,0.010234842732133258,44,RFE,9
tlb_slowd,0.9931506849315068,0.012369106817789747,44,RFE,10
tlb_WilliamsR,0.9931506849315068,0.00987947632096869,44,RFE,13
price_diff,0.9931506849315068,0.0337021727386038,44,RFE,20
op_cl_diff,0.9931506849315068,0.029621807760273226,44,RFE,20
pct_change,0.9931506849315068,0.02114782036270424,44,RFE,20
diff_1,0.9931506849315068,0.039889428673232516,44,RFE,20
williams_r,0.9931506849315068,0.010043814128990082,44,RFE,12
lag_return_1,0.9931506849315068,0.009590091729059442,44,RFE,13
ema_to_ma_5,0.9931506849315068,0.010310291337775702,44,RFE,6
price_to_prev_high,0.9931506849315068,0.010173490905293405,44,RFE,15
price_to_prev_low,0.9931506849315068,0.012575250558613712,44,RFE,15
price_to_volume,0.9931506849315068,0.010987182167692669,44,RFE,15
vrsi,0.9931506849315068,0.011000563788810706,44,RFE,10
volume_change,0.9931506849315068,0.010434572165789349,44,RFE,15
close_change,0.9931506849315068,0.03763918761228527,44,RFE,20
RSI_14_roll5,0.9931506849315068,0.008878937962029097,44,RFE,1
volume_ema5,0.9931506849315068,0.011511753340716479,44,RFE,13
BBP_5_2.0_5,0.9931506849315068,0.011228685752711028,44,RFE,19
hollow_candle,0.9931506849315068,0.015669458340006694,44,RFE,16
equivolume_width,0.9931506849315068,0.013513071277460502,44,RFE,14
kagi_dir,0.9931506849315068,0.2680455314172932,44,RFE,20
kagi_volume,0.9931506849315068,0.02448614510399585,44,RFE,20
kagi_rsi,0.9931506849315068,0.024024093641390132,44,RFE,20
kagi_slowk,0.9931506849315068,0.023602967900630566,44,RFE,20
kagi_slowd,0.9931506849315068,0.011477723951773834,44,RFE,17
kagi_ad,0.9931506849315068,0.010900891537186343,44,RFE,6
volume,0.9945205479452055,0.01546121830926071,22,RFE,15
BOP,0.9945205479452055,0.05688637578599043,22,RFE,20
DEC_1,0.9945205479452055,0.020915513698630043,22,RFE,12
DPO_20,0.9945205479452055,0.02673363658926301,22,RFE,20
FISHERT_9_1,0.9945205479452055,0.01400858593254882,22,RFE,7
LOGRET_1,0.9945205479452055,0.06047201460457945,22,RFE,20
PCTRET_1,0.9945205479452055,0.041160915684672415,22,RFE,20
SLOPE_1,0.9945205479452055,0.03283593922720557,22,RFE,20
TSI_10_50_13,0.9945205479452055,0.016581091287015643,22,RFE,9
tlb_WilliamsR,0.9945205479452055,0.013906609541926315,22,RFE,13
price_diff,0.9945205479452055,0.025575557298453847,22,RFE,20
op_cl_diff,0.9945205479452055,0.05173713487997827,22,RFE,20
pct_change,0.9945205479452055,0.04244029088012798,22,RFE,20
diff_1,0.9945205479452055,0.03223231249966971,22,RFE,20
close_change,0.9945205479452055,0.0380882131943264,22,RFE,20
BBP_5_2.0_5,0.9945205479452055,0.014871285076843198,22,RFE,19
hollow_candle,0.9945205479452055,0.04815349012592597,22,RFE,16
kagi_dir,0.9945205479452055,0.3625717445517985,22,RFE,20
kagi_volume,0.9945205479452055,0.01784569279637936,22,RFE,20
kagi_rsi,0.9945205479452055,0.024318819838706814,22,RFE,20
kagi_slowk,0.9945205479452055,0.029515559577643236,22,RFE,20
kagi_slowd,0.9945205479452055,0.013687998619054106,22,RFE,17
volume,0.9937543372657877,0.007843054704191905,88,RFE,15
BBP_5_2.0,0.9937543372657877,0.008482466367930055,88,RFE,16
BOP,0.9937543372657877,0.03550710217752205,88,RFE,20
BR_26,0.9937543372657877,0.004785827292498412,88,RFE,1
CFO_9,0.9937543372657877,0.006588247281762399,88,RFE,11
DEC_1,0.9937543372657877,0.011408206995027294,88,RFE,12
DPO_20,0.9937543372657877,0.016529263861736112,88,RFE,20
EBSW_40_10,0.9937543372657877,0.006717247603295674,88,RFE,14
ER_10,0.9937543372657877,0.0061747933809214,88,RFE,12
FISHERTs_9_1,0.9937543372657877,0.004946482712749685,88,RFE,10
INC_1,0.9937543372657877,0.00733430809876168,88,RFE,8
K_9_3,0.9937543372657877,0.004813254647639609,88,RFE,1
D_9_3,0.9937543372657877,0.00572705041976731,88,RFE,11
KURT_30,0.9937543372657877,0.00535981611227391,88,RFE,5
LOGRET_1,0.9937543372657877,0.02043443443377748,88,RFE,20
MASSI_9_25,0.9937543372657877,0.005587278237217033,88,RFE,7
PDIST,0.9937543372657877,0.005243530720357009,88,RFE,9
PCTRET_1,0.9937543372657877,0.018579510901395858,88,RFE,20
PVOs_12_26_9,0.9937543372657877,0.006171569514624082,88,RFE,2
PVR,0.9937543372657877,0.017900391878731724,88,RFE,8
QQE_14_5_4.236_RSIMA,0.9937543372657877,0.005985490196706283,88,RFE,5
RVI_14,0.9937543372657877,0.006857222541440397,88,RFE,16
SKEW_30,0.9937543372657877,0.0056514031976001786,88,RFE,12
SLOPE_1,0.9937543372657877,0.026744477345761283,88,RFE,20
STOCHd_14_3_3,0.9937543372657877,0.005309384920576346,88,RFE,7
THERMO_20_2_0.5,0.9937543372657877,0.00603576126195322,88,RFE,3
TSI_13_25_13,0.9937543372657877,0.005644127949355372,88,RFE,2
WILLR_14,0.9937543372657877,0.005639907261424925,88,RFE,12
ADOSC_10_50,0.9937543372657877,0.005270646592598558,88,RFE,6
KVO_10_50_13,0.9937543372657877,0.005845339734513379,88,RFE,4
SMI_10_50_5,0.9937543372657877,0.00688199163952364,88,RFE,13
SMIs_10_50_5,0.9937543372657877,0.006046187298424717,88,RFE,3
HA_high_low,0.9937543372657877,0.005084580104070379,88,RFE,9
HA_body,0.9937543372657877,0.005495724039265012,88,RFE,9
HA_close_pct_change,0.9937543372657877,0.005547489470545549,88,RFE,1
volume_tlb,0.9937543372657877,0.006723707437523885,88,RFE,16
tlb_slowk,0.9937543372657877,0.006921733906852273,88,RFE,9
tlb_slowd,0.9937543372657877,0.00595398558763928,88,RFE,10
tlb_CMF,0.9937543372657877,0.0057395372141751284,88,RFE,10
tlb_ADX,0.9937543372657877,0.006069550026830334,88,RFE,6
price_diff,0.9937543372657877,0.018339864579067153,88,RFE,20
op_cl_diff,0.9937543372657877,0.023991957467184043,88,RFE,20
pct_change,0.9937543372657877,0.03560010269051844,88,RFE,20
diff_1,0.9937543372657877,0.022772709025677452,88,RFE,20
diff_2,0.9937543372657877,0.004838036203030724,88,RFE,7
diff_3,0.9937543372657877,0.005080209739647239,88,RFE,1
williams_r,0.9937543372657877,0.0062720324899590285,88,RFE,12
cmf,0.9937543372657877,0.005683771577898169,88,RFE,3
lag_return_1,0.9937543372657877,0.005601163763919206,88,RFE,13
lag_return_2,0.9937543372657877,0.005259347412277199,88,RFE,10
lag_return_3,0.9937543372657877,0.006055916122698472,88,RFE,11
lag_return_4,0.9937543372657877,0.005919692530577,88,RFE,9
lag_return_5,0.9937543372657877,0.005782238013999373,88,RFE,7
ma5_to_ma10,0.9937543372657877,0.0061387203742203356,88,RFE,5
price_to_prev_high,0.9937543372657877,0.006638442279903269,88,RFE,15
price_to_prev_low,0.9937543372657877,0.007114611061773964,88,RFE,15
return_volume_corr_5,0.9937543372657877,0.00570890918675237,88,RFE,10
return_volume_corr_10,0.9937543372657877,0.00558233054318033,88,RFE,5
return_volume_corr_50,0.9937543372657877,0.005517475827931329,88,RFE,10
return_volume_corr_100,0.9937543372657877,0.005087880170414552,88,RFE,2
price_volume_corr_5,0.9937543372657877,0.005156591395352964,88,RFE,9
price_volume_corr_50,0.9937543372657877,0.005520607596498649,88,RFE,6
price_to_volume,0.9937543372657877,0.0051860136866876995,88,RFE,15
vrsi,0.9937543372657877,0.006261194175087374,88,RFE,10
volume_change,0.9937543372657877,0.007051061797528573,88,RFE,15
volume_ma_5,0.9937543372657877,0.005403059285955037,88,RFE,4
volume_std_5,0.9937543372657877,0.00605427764287279,88,RFE,9
volume_to_ma_volume,0.9937543372657877,0.00574290679320132,88,RFE,6
close_change,0.9937543372657877,0.013613836909459274,88,RFE,20
high_pct,0.9937543372657877,0.004876637638296015,88,RFE,7
high_pct_roll5,0.9937543372657877,0.005093542658080395,88,RFE,6
volume_ema5,0.9937543372657877,0.00701229357267593,88,RFE,13
price_to_ema5,0.9937543372657877,0.006408388066858652,88,RFE,6
volume_change_roll5,0.9937543372657877,0.005421620209858599,88,RFE,4
avg_vol_last_100,0.9937543372657877,0.006296998072673892,88,RFE,2
turnover,0.9937543372657877,0.006978506929711713,88,RFE,7
BBP_5_2.0_5,0.9937543372657877,0.008271511499953218,88,RFE,19
hollow_candle,0.9937543372657877,0.0355297960412669,88,RFE,16
equivolume_width,0.9937543372657877,0.006166595180654548,88,RFE,14
kagi_dir,0.9937543372657877,0.21880604025363432,88,RFE,20
kagi_start,0.9937543372657877,0.006895922349433385,88,RFE,8
kagi_volume,0.9937543372657877,0.017756911573648042,88,RFE,20
kagi_macdhist,0.9937543372657877,0.0061261772776434985,88,RFE,10
kagi_rsi,0.9937543372657877,0.017794975159850127,88,RFE,20
kagi_slowk,0.9937543372657877,0.022839446332805848,88,RFE,20
kagi_slowd,0.9937543372657877,0.007536278734195985,88,RFE,17
kagi_adx,0.9937543372657877,0.005563627642878657,88,RFE,3
kagi_ad,0.9937543372657877,0.006067685393646134,88,RFE,6
volume,0.9937543372657877,0.00889731868909387,66,RFE,15
ADX_14,0.9937543372657877,0.006308628997128803,66,RFE,3
BBP_5_2.0,0.9937543372657877,0.009150310138692174,66,RFE,16
BOP,0.9937543372657877,0.039625013647569464,66,RFE,20
low_Z_30_1,0.9937543372657877,0.007525085966081555,66,RFE,10
CFO_9,0.9937543372657877,0.007909025534521271,66,RFE,11
CTI_12,0.9937543372657877,0.006352775032532708,66,RFE,3
DEC_1,0.9937543372657877,0.016879717542902205,66,RFE,12
DPO_20,0.9937543372657877,0.02126836285288783,66,RFE,20
EBSW_40_10,0.9937543372657877,0.0072105782501602975,66,RFE,14
ER_10,0.9937543372657877,0.005862887520362745,66,RFE,12
FISHERTs_9_1,0.9937543372657877,0.0067178229887469975,66,RFE,10
D_9_3,0.9937543372657877,0.007473431246181349,66,RFE,11
LOGRET_1,0.9937543372657877,0.019081747029899006,66,RFE,20
MASSI_9_25,0.9937543372657877,0.006406641628255965,66,RFE,7
PDIST,0.9937543372657877,0.006501534536389813,66,RFE,9
PCTRET_1,0.9937543372657877,0.03310081676146249,66,RFE,20
PVOL,0.9937543372657877,0.007949318279044415,66,RFE,8
QQE_14_5_4.236_RSIMA,0.9937543372657877,0.007049415701723293,66,RFE,5
RVI_14,0.9937543372657877,0.007012486781925177,66,RFE,16
SKEW_30,0.9937543372657877,0.0064403654181363615,66,RFE,12
SLOPE_1,0.9937543372657877,0.019759550231691517,66,RFE,20
ADOSC_10_50,0.9937543372657877,0.006380691581008342,66,RFE,6
SMI_10_50_5,0.9937543372657877,0.006540741277305071,66,RFE,13
TSI_10_50_13,0.9937543372657877,0.007809796661391143,66,RFE,9
HA_body,0.9937543372657877,0.0067081023845178955,66,RFE,9
volume_tlb,0.9937543372657877,0.007816910140846237,66,RFE,16
tlb_slowk,0.9937543372657877,0.0062620543805659065,66,RFE,9
tlb_slowd,0.9937543372657877,0.006905128412704525,66,RFE,10
tlb_CMF,0.9937543372657877,0.007409191205009388,66,RFE,10
tlb_WilliamsR,0.9937543372657877,0.005836634905000333,66,RFE,13
price_diff,0.9937543372657877,0.016160799219145587,66,RFE,20
op_cl_diff,0.9937543372657877,0.03366026052501079,66,RFE,20
pct_change,0.9937543372657877,0.03785128828811678,66,RFE,20
diff_1,0.9937543372657877,0.02070573359930214,66,RFE,20
diff_2,0.9937543372657877,0.006393723848146115,66,RFE,7
williams_r,0.9937543372657877,0.006945078200395979,66,RFE,12
lag_return_1,0.9937543372657877,0.006099065100539914,66,RFE,13
lag_return_2,0.9937543372657877,0.006527298852921205,66,RFE,10
price_to_prev_high,0.9937543372657877,0.007606328958716545,66,RFE,15
price_to_prev_low,0.9937543372657877,0.009106161304400246,66,RFE,15
return_volume_corr_5,0.9937543372657877,0.006657623307764466,66,RFE,10
return_volume_corr_50,0.9937543372657877,0.005661302153298166,66,RFE,10
price_volume_corr_5,0.9937543372657877,0.005754429700070761,66,RFE,9
price_volume_corr_10,0.9937543372657877,0.005624318902543292,66,RFE,5
price_to_volume,0.9937543372657877,0.0079418865985933,66,RFE,15
vrsi,0.9937543372657877,0.007586475767722176,66,RFE,10
volume_change,0.9937543372657877,0.008160417283671674,66,RFE,15
volume_std_5,0.9937543372657877,0.00619525118541118,66,RFE,9
volume_std_10,0.9937543372657877,0.00563687486987415,66,RFE,2
close_change,0.9937543372657877,0.037583221443680224,66,RFE,20
high_pct,0.9937543372657877,0.006452107247750724,66,RFE,7
volume_ema5,0.9937543372657877,0.006931614947996697,66,RFE,13
price_to_ema5,0.9937543372657877,0.006113354787695459,66,RFE,6
avg_vol_last_100,0.9937543372657877,0.006126239548988901,66,RFE,2
turnover,0.9937543372657877,0.007416120463032987,66,RFE,7
BBP_5_2.0_5,0.9937543372657877,0.008351920553338105,66,RFE,19
hollow_candle,0.9937543372657877,0.028980248595633768,66,RFE,16
kagi_dir,0.9937543372657877,0.2640023979439901,66,RFE,20
kagi_start,0.9937543372657877,0.006358297559174192,66,RFE,8
kagi_volume,0.9937543372657877,0.02031847236889742,66,RFE,20
kagi_macdhist,0.9937543372657877,0.007239872107798841,66,RFE,10
kagi_rsi,0.9937543372657877,0.020161675506591707,66,RFE,20
kagi_slowk,0.9937543372657877,0.023343091717050245,66,RFE,20
kagi_slowd,0.9937543372657877,0.007926204584453781,66,RFE,17
kagi_ad,0.9937543372657877,0.006268757234544299,66,RFE,6
volume,0.9944521497919556,0.012107364867194388,44,RFE,15
BBP_5_2.0,0.9944521497919556,0.012039032059753884,44,RFE,16
BOP,0.9944521497919556,0.040232744431681663,44,RFE,20
low_Z_30_1,0.9944521497919556,0.010418088798494823,44,RFE,10
CFO_9,0.9944521497919556,0.00961028450851895,44,RFE,11
DPO_20,0.9944521497919556,0.02317805689586805,44,RFE,20
EBSW_40_10,0.9944521497919556,0.010339657539455297,44,RFE,14
LOGRET_1,0.9944521497919556,0.04631914798174479,44,RFE,20
PCTRET_1,0.9944521497919556,0.03085216142365479,44,RFE,20
PVOL,0.9944521497919556,0.010053659508480186,44,RFE,8
PVR,0.9944521497919556,0.013374025795780403,44,RFE,8
RVI_14,0.9944521497919556,0.009915663995870353,44,RFE,16
SLOPE_1,0.9944521497919556,0.01740824950695425,44,RFE,20
STOCHd_14_3_3,0.9944521497919556,0.00957369963964921,44,RFE,7
ADOSC_10_50,0.9944521497919556,0.009057903123613454,44,RFE,6
SMI_10_50_5,0.9944521497919556,0.011121263596343784,44,RFE,13
TSI_10_50_13,0.9944521497919556,0.009417255914174642,44,RFE,9
volume_tlb,0.9944521497919556,0.012502862348937884,44,RFE,16
tlb_slowd,0.9944521497919556,0.010319351660298685,44,RFE,10
tlb_CMF,0.9944521497919556,0.010207809673377484,44,RFE,10
tlb_WilliamsR,0.9944521497919556,0.009581370102000913,44,RFE,13
price_diff,0.9944521497919556,0.03278169143516715,44,RFE,20
op_cl_diff,0.9944521497919556,0.04307853989355218,44,RFE,20
pct_change,0.9944521497919556,0.04001005565195654,44,RFE,20
diff_1,0.9944521497919556,0.025295835003351926,44,RFE,20
lag_return_1,0.9944521497919556,0.00866212595291434,44,RFE,13
price_to_prev_high,0.9944521497919556,0.009861627833000526,44,RFE,15
price_to_prev_low,0.9944521497919556,0.013558764003631561,44,RFE,15
return_volume_corr_5,0.9944521497919556,0.008675075309555405,44,RFE,10
return_volume_corr_50,0.9944521497919556,0.009879107091465148,44,RFE,10
volume_change,0.9944521497919556,0.008988914049833478,44,RFE,15
close_change,0.9944521497919556,0.028052442625285147,44,RFE,20
volume_roll5,0.9944521497919556,0.008267777697016391,44,RFE,2
volume_ema5,0.9944521497919556,0.00961849641337772,44,RFE,13
BBP_5_2.0_5,0.9944521497919556,0.01048710191958969,44,RFE,19
hollow_candle,0.9944521497919556,0.026048867049925435,44,RFE,16
equivolume_width,0.9944521497919556,0.010171330774582297,44,RFE,14
kagi_dir,0.9944521497919556,0.2733120260494695,44,RFE,20
kagi_start,0.9944521497919556,0.008942124695329325,44,RFE,8
kagi_volume,0.9944521497919556,0.02719668001745386,44,RFE,20
kagi_macdhist,0.9944521497919556,0.00833506935948522,44,RFE,10
kagi_rsi,0.9944521497919556,0.02213455196669735,44,RFE,20
kagi_slowk,0.9944521497919556,0.028219773420612857,44,RFE,20
kagi_slowd,0.9944521497919556,0.01079236841489897,44,RFE,17
BOP,0.9951489951489952,0.057615617039787015,22,RFE,20
low_Z_30_1,0.9951489951489952,0.011913401088280547,22,RFE,10
DPO_20,0.9951489951489952,0.026588124668494032,22,RFE,20
LOGRET_1,0.9951489951489952,0.02900295411800657,22,RFE,20
PCTRET_1,0.9951489951489952,0.046744907021985256,22,RFE,20
QQE_14_5_4.236_RSIMA,0.9951489951489952,0.014984884954643986,22,RFE,5
SLOPE_1,0.9951489951489952,0.03818230721343744,22,RFE,20
SMI_10_50_5,0.9951489951489952,0.0151324913177574,22,RFE,13
volume_tlb,0.9951489951489952,0.012851146641839485,22,RFE,16
price_diff,0.9951489951489952,0.02740147083449811,22,RFE,20
op_cl_diff,0.9951489951489952,0.061926056426052395,22,RFE,20
pct_change,0.9951489951489952,0.03132085819872924,22,RFE,20
diff_1,0.9951489951489952,0.022569771759412594,22,RFE,20
price_to_volume,0.9951489951489952,0.012454004274759288,22,RFE,15
close_change,0.9951489951489952,0.03407475782446979,22,RFE,20
BBP_5_2.0_5,0.9951489951489952,0.01577549609262536,22,RFE,19
hollow_candle,0.9951489951489952,0.04424540884753822,22,RFE,16
equivolume_width,0.9951489951489952,0.01230350260016602,22,RFE,14
kagi_dir,0.9951489951489952,0.4084350268386945,22,RFE,20
kagi_volume,0.9951489951489952,0.025243478650528756,22,RFE,20
kagi_rsi,0.9951489951489952,0.025368025047010908,22,RFE,20
kagi_slowk,0.9951489951489952,0.025866308541283106,22,RFE,20
volume,0.99215965787598,0.008033791117590543,88,RFE,15
BBP_5_2.0,0.99215965787598,0.006733162882312424,88,RFE,16
BOP,0.99215965787598,0.025536295591499728,88,RFE,20
low_Z_30_1,0.99215965787598,0.005332063634581913,88,RFE,10
CFO_9,0.99215965787598,0.007359073420336858,88,RFE,11
DEC_1,0.99215965787598,0.016958620911406604,88,RFE,12
DPO_20,0.99215965787598,0.016992474972303013,88,RFE,20
EBSW_40_10,0.99215965787598,0.006010806330440341,88,RFE,14
ER_10,0.99215965787598,0.006437125237686181,88,RFE,12
FISHERT_9_1,0.99215965787598,0.006271693691847452,88,RFE,7
FISHERTs_9_1,0.99215965787598,0.005685919756781692,88,RFE,10
INC_1,0.99215965787598,0.020927537056300502,88,RFE,8
D_9_3,0.99215965787598,0.005973810349429034,88,RFE,11
KURT_30,0.99215965787598,0.005056389206282136,88,RFE,5
LOGRET_1,0.99215965787598,0.02797985139118079,88,RFE,20
MASSI_9_25,0.99215965787598,0.0054814719169738145,88,RFE,7
MFI_14,0.99215965787598,0.0056827705882658164,88,RFE,3
PDIST,0.99215965787598,0.005883215169941986,88,RFE,9
PCTRET_1,0.99215965787598,0.02153240397796519,88,RFE,20
PVOL,0.99215965787598,0.007484885574265319,88,RFE,8
PVR,0.99215965787598,0.012710042327233457,88,RFE,8
QQE_14_5_4.236_RSIMA,0.99215965787598,0.0061335380777813205,88,RFE,5
RVI_14,0.99215965787598,0.007033958961643237,88,RFE,16
SKEW_30,0.99215965787598,0.005480655914849326,88,RFE,12
SLOPE_1,0.99215965787598,0.019761592702155363,88,RFE,20
STOCHd_14_3_3,0.99215965787598,0.00555467360826826,88,RFE,7
VHF_28,0.99215965787598,0.006285772744346876,88,RFE,6
WILLR_14,0.99215965787598,0.006148275854499024,88,RFE,12
ADOSC_10_50,0.99215965787598,0.0061112945408828764,88,RFE,6
MASSI_10_50,0.99215965787598,0.005637046300116836,88,RFE,3
SMI_10_50_5,0.99215965787598,0.006407075667015879,88,RFE,13
TSI_10_50_13,0.99215965787598,0.006383711691089018,88,RFE,9
HA_high_low,0.99215965787598,0.005582538644016265,88,RFE,9
HA_body,0.99215965787598,0.005703845945778451,88,RFE,9
volume_tlb,0.99215965787598,0.009922127798619807,88,RFE,16
tlb_slowk,0.99215965787598,0.006093945076320788,88,RFE,9
tlb_slowd,0.99215965787598,0.006703370777157598,88,RFE,10
tlb_CMF,0.99215965787598,0.005781745148509225,88,RFE,10
tlb_WilliamsR,0.99215965787598,0.0061135612094894,88,RFE,13
tlb_ADX,0.99215965787598,0.0060180124259746415,88,RFE,6
price_diff,0.99215965787598,0.021853015361970752,88,RFE,20
op_cl_diff,0.99215965787598,0.033092594285403246,88,RFE,20
pct_change,0.99215965787598,0.03332034148523392,88,RFE,20
diff_1,0.99215965787598,0.013456460410327196,88,RFE,20
diff_2,0.99215965787598,0.005857474335350602,88,RFE,7
diff_18,0.99215965787598,0.006166061072187245,88,RFE,2
williams_r,0.99215965787598,0.0061565966527864805,88,RFE,12
obv,0.99215965787598,0.006140496614381101,88,RFE,3
lag_return_1,0.99215965787598,0.005451740114631242,88,RFE,13
lag_return_2,0.99215965787598,0.005994230133857989,88,RFE,10
lag_return_3,0.99215965787598,0.0065044510201750835,88,RFE,11
lag_return_4,0.99215965787598,0.0062931433153877335,88,RFE,9
lag_return_5,0.99215965787598,0.006048957405849759,88,RFE,7
std_5,0.99215965787598,0.005953913095921977,88,RFE,2
price_to_ma_5,0.99215965787598,0.005032216025804029,88,RFE,2
ma5_to_ma10,0.99215965787598,0.005991956744573028,88,RFE,5
price_to_prev_high,0.99215965787598,0.005967935810079902,88,RFE,15
price_to_prev_low,0.99215965787598,0.010514989380044876,88,RFE,15
return_volume_corr_5,0.99215965787598,0.00510682785290844,88,RFE,10
return_volume_corr_10,0.99215965787598,0.005640298821226483,88,RFE,5
return_volume_corr_50,0.99215965787598,0.006086812552785061,88,RFE,10
price_volume_corr_5,0.99215965787598,0.0052616964255420475,88,RFE,9
price_volume_corr_50,0.99215965787598,0.005257526294506737,88,RFE,6
price_to_volume,0.99215965787598,0.008798968191417787,88,RFE,15
vrsi,0.99215965787598,0.0064907621264860245,88,RFE,10
volume_change,0.99215965787598,0.0072060309295630875,88,RFE,15
volume_ma_10,0.99215965787598,0.006145663308472764,88,RFE,2
volume_ma_20,0.99215965787598,0.0055758261930392294,88,RFE,1
volume_std_5,0.99215965787598,0.005878859082052546,88,RFE,9
close_change,0.99215965787598,0.018539194216346724,88,RFE,20
high_pct,0.99215965787598,0.005611319484705477,88,RFE,7
close_change_roll5,0.99215965787598,0.005629465448216164,88,RFE,2
volume_roll5,0.99215965787598,0.005911725874312269,88,RFE,2
volume_ema5,0.99215965787598,0.006946102490301395,88,RFE,13
price_to_ema5,0.99215965787598,0.005307528166244949,88,RFE,6
volume_change_roll5,0.99215965787598,0.005481446811024102,88,RFE,4
turnover,0.99215965787598,0.006851765970859557,88,RFE,7
BBP_5_2.0_5,0.99215965787598,0.007718328913157571,88,RFE,19
hollow_candle,0.99215965787598,0.01955417280833544,88,RFE,16
equivolume_width,0.99215965787598,0.00834354245100344,88,RFE,14
kagi_dir,0.99215965787598,0.19215909172709647,88,RFE,20
kagi_start,0.99215965787598,0.006237632321767236,88,RFE,8
kagi_volume,0.99215965787598,0.025717089008219677,88,RFE,20
kagi_macdhist,0.99215965787598,0.006266480927725024,88,RFE,10
kagi_rsi,0.99215965787598,0.016645894490102474,88,RFE,20
kagi_slowk,0.99215965787598,0.02437859167941413,88,RFE,20
kagi_slowd,0.99215965787598,0.007445128482671187,88,RFE,17
kagi_ad,0.99215965787598,0.00508950549339139,88,RFE,6
volume,0.99002849002849,0.008568730086779603,66,RFE,15
BBP_5_2.0,0.99002849002849,0.009839956814639804,66,RFE,16
BOP,0.99002849002849,0.041043399137753706,66,RFE,20
low_Z_30_1,0.99002849002849,0.007180717887607597,66,RFE,10
CFO_9,0.99002849002849,0.006668427612023704,66,RFE,11
DEC_1,0.99002849002849,0.01573588103948946,66,RFE,12
DPO_20,0.99002849002849,0.02013608439788522,66,RFE,20
EBSW_40_10,0.99002849002849,0.008195643570969897,66,RFE,14
ER_10,0.99002849002849,0.00659567419212333,66,RFE,12
FISHERTs_9_1,0.99002849002849,0.006532952470407031,66,RFE,10
INC_1,0.99002849002849,0.007644282312612732,66,RFE,8
D_9_3,0.99002849002849,0.007657071193629616,66,RFE,11
J_9_3,0.99002849002849,0.0073157540125781675,66,RFE,6
LOGRET_1,0.99002849002849,0.021492556979876704,66,RFE,20
PDIST,0.99002849002849,0.006300245581556903,66,RFE,9
PCTRET_1,0.99002849002849,0.02593867505774973,66,RFE,20
PVOL,0.99002849002849,0.008666358604669546,66,RFE,8
PVR,0.99002849002849,0.024421931027904874,66,RFE,8
RVI_14,0.99002849002849,0.008334830878366136,66,RFE,16
SKEW_30,0.99002849002849,0.006935491325892349,66,RFE,12
SLOPE_1,0.99002849002849,0.013953630068798135,66,RFE,20
STOCHd_14_3_3,0.99002849002849,0.006929784595075716,66,RFE,7
VHF_28,0.99002849002849,0.006812720449130362,66,RFE,6
WILLR_14,0.99002849002849,0.00748386918438494,66,RFE,12
ADOSC_10_50,0.99002849002849,0.006484098205516592,66,RFE,6
SMI_10_50_5,0.99002849002849,0.007797485442305208,66,RFE,13
SMIs_10_50_5,0.99002849002849,0.007145673297990389,66,RFE,3
TSI_10_50_13,0.99002849002849,0.0075382708540392375,66,RFE,9
HA_high_low,0.99002849002849,0.006085697296428483,66,RFE,9
volume_tlb,0.99002849002849,0.00873911468559525,66,RFE,16
tlb_slowd,0.99002849002849,0.006711099108724778,66,RFE,10
tlb_MFI,0.99002849002849,0.006494846440968591,66,RFE,4
tlb_CMF,0.99002849002849,0.006855271818968477,66,RFE,10
price_diff,0.99002849002849,0.029958091534756447,66,RFE,20
op_cl_diff,0.99002849002849,0.032304970382614144,66,RFE,20
pct_change,0.99002849002849,0.029011509735399912,66,RFE,20
diff_1,0.99002849002849,0.03311616529063966,66,RFE,20
williams_r,0.99002849002849,0.007467356682321496,66,RFE,12
lag_return_1,0.99002849002849,0.007272675266955884,66,RFE,13
lag_return_2,0.99002849002849,0.007425880335375109,66,RFE,10
lag_return_3,0.99002849002849,0.0072801010574710615,66,RFE,11
lag_return_4,0.99002849002849,0.00682773980150887,66,RFE,9
lag_return_5,0.99002849002849,0.006873558645832771,66,RFE,7
price_to_ema_5,0.99002849002849,0.005965910991327675,66,RFE,2
ma5_to_ma10,0.99002849002849,0.007742597005128395,66,RFE,5
price_to_prev_high,0.99002849002849,0.007877633154872754,66,RFE,15
price_to_prev_low,0.99002849002849,0.008492974557878378,66,RFE,15
price_to_volume,0.99002849002849,0.008657437025330374,66,RFE,15
vrsi,0.99002849002849,0.006242058618707834,66,RFE,10
volume_change,0.99002849002849,0.00759366207869826,66,RFE,15
volume_ma_10,0.99002849002849,0.0066097938121524626,66,RFE,2
volume_std_5,0.99002849002849,0.007450974919756067,66,RFE,9
close_change,0.99002849002849,0.022748757320020817,66,RFE,20
volume_ema5,0.99002849002849,0.007361437180828919,66,RFE,13
turnover,0.99002849002849,0.007786243693543673,66,RFE,7
BBP_5_2.0_5,0.99002849002849,0.009016657127358168,66,RFE,19
hollow_candle,0.99002849002849,0.031586777470966255,66,RFE,16
equivolume_width,0.99002849002849,0.009567652344343121,66,RFE,14
kagi_dir,0.99002849002849,0.22871051760599875,66,RFE,20
kagi_start,0.99002849002849,0.0070876824358057375,66,RFE,8
kagi_volume,0.99002849002849,0.025177957559079794,66,RFE,20
kagi_macdhist,0.99002849002849,0.006579823056430872,66,RFE,10
kagi_rsi,0.99002849002849,0.017588844711129394,66,RFE,20
kagi_slowk,0.99002849002849,0.022472340669091068,66,RFE,20
kagi_slowd,0.99002849002849,0.009843631496804051,66,RFE,17
kagi_atr,0.99002849002849,0.006064360799429589,66,RFE,3
volume,0.9928673323823112,0.013110717643982892,44,RFE,15
BBP_5_2.0,0.9928673323823112,0.010215020308682748,44,RFE,16
BOP,0.9928673323823112,0.04363043331727199,44,RFE,20
CFO_9,0.9928673323823112,0.009355374521092205,44,RFE,11
CMO_14,0.9928673323823112,0.008357218699307284,44,RFE,3
DEC_1,0.9928673323823112,0.01634800038790195,44,RFE,12
DPO_20,0.9928673323823112,0.021190759029791437,44,RFE,20
EBSW_40_10,0.9928673323823112,0.00987930947544972,44,RFE,14
FISHERTs_9_1,0.9928673323823112,0.008558644781198277,44,RFE,10
INC_1,0.9928673323823112,0.015729446574737852,44,RFE,8
D_9_3,0.9928673323823112,0.00880315148649583,44,RFE,11
LOGRET_1,0.9928673323823112,0.03723365811737542,44,RFE,20
PCTRET_1,0.9928673323823112,0.037822137954094136,44,RFE,20
PVOL,0.9928673323823112,0.009253030231896301,44,RFE,8
RVI_14,0.9928673323823112,0.009963152491800329,44,RFE,16
SLOPE_1,0.9928673323823112,0.031494395535704635,44,RFE,20
WILLR_14,0.9928673323823112,0.008690283612113419,44,RFE,12
SMI_10_50_5,0.9928673323823112,0.010721403118468895,44,RFE,13
HA_high_low,0.9928673323823112,0.007955846075794911,44,RFE,9
volume_tlb,0.9928673323823112,0.009293328665482515,44,RFE,16
price_diff,0.9928673323823112,0.023625820341144493,44,RFE,20
op_cl_diff,0.9928673323823112,0.04493073093745762,44,RFE,20
pct_change,0.9928673323823112,0.021535935528819876,44,RFE,20
diff_1,0.9928673323823112,0.026851019968047573,44,RFE,20
williams_r,0.9928673323823112,0.00800141422817331,44,RFE,12
lag_return_3,0.9928673323823112,0.008795540460329774,44,RFE,11
ma5_to_ma10,0.9928673323823112,0.009533545477232916,44,RFE,5
price_to_prev_high,0.9928673323823112,0.011265221419202357,44,RFE,15
price_to_prev_low,0.9928673323823112,0.007807674478380221,44,RFE,15
return_volume_corr_50,0.9928673323823112,0.009061611462387303,44,RFE,10
price_to_volume,0.9928673323823112,0.010431609111107003,44,RFE,15
volume_change,0.9928673323823112,0.008940355408610733,44,RFE,15
volume_ma_5,0.9928673323823112,0.00977574005181426,44,RFE,4
close_change,0.9928673323823112,0.017770695367837912,44,RFE,20
volume_ema5,0.9928673323823112,0.00855201991155043,44,RFE,13
BBP_5_2.0_5,0.9928673323823112,0.011551005071865588,44,RFE,19
hollow_candle,0.9928673323823112,0.0396057717148713,44,RFE,16
equivolume_width,0.9928673323823112,0.011727780038548965,44,RFE,14
kagi_dir,0.9928673323823112,0.2852426893582084,44,RFE,20
kagi_volume,0.9928673323823112,0.031993420013153855,44,RFE,20
kagi_macdhist,0.9928673323823112,0.007260148990821658,44,RFE,10
kagi_rsi,0.9928673323823112,0.018902473925057353,44,RFE,20
kagi_slowk,0.9928673323823112,0.02832471462772708,44,RFE,20
kagi_slowd,0.9928673323823112,0.010907750079007381,44,RFE,17
volume,0.99214846538187,0.020680288057525854,22,RFE,15
BOP,0.99214846538187,0.058669966921988406,22,RFE,20
DPO_20,0.99214846538187,0.028337795343023685,22,RFE,20
EBSW_40_10,0.99214846538187,0.014671978124980705,22,RFE,14
INC_1,0.99214846538187,0.010329734023541712,22,RFE,8
LOGRET_1,0.99214846538187,0.023482727428781876,22,RFE,20
PCTRET_1,0.99214846538187,0.030331664754285493,22,RFE,20
SLOPE_1,0.99214846538187,0.0251538617601325,22,RFE,20
SMI_10_50_5,0.99214846538187,0.01686362249234387,22,RFE,13
volume_tlb,0.99214846538187,0.018459843713453473,22,RFE,16
price_diff,0.99214846538187,0.025985880542493737,22,RFE,20
op_cl_diff,0.99214846538187,0.04806969786300434,22,RFE,20
pct_change,0.99214846538187,0.03464261958166303,22,RFE,20
diff_1,0.99214846538187,0.03997218304949396,22,RFE,20
close_change,0.99214846538187,0.03979877226344641,22,RFE,20
BBP_5_2.0_5,0.99214846538187,0.015270052725916299,22,RFE,19
hollow_candle,0.99214846538187,0.03056096453288433,22,RFE,16
equivolume_width,0.99214846538187,0.017114513436561216,22,RFE,14
kagi_dir,0.99214846538187,0.41357455515898195,22,RFE,20
kagi_volume,0.99214846538187,0.03696227617624251,22,RFE,20
kagi_rsi,0.99214846538187,0.02071474007928445,22,RFE,20
kagi_slowk,0.99214846538187,0.03035226196997022,22,RFE,20
volume,0.9909281228192603,0.006753354270214157,88,RFE,15
BBP_5_2.0,0.9909281228192603,0.008014975057583482,88,RFE,16
BOP,0.9909281228192603,0.029862766534881957,88,RFE,20
open_Z_30_1,0.9909281228192603,0.004877908371192796,88,RFE,1
low_Z_30_1,0.9909281228192603,0.005040602547954038,88,RFE,10
CFO_9,0.9909281228192603,0.005398164658034789,88,RFE,11
CG_10,0.9909281228192603,0.005302866817085857,88,RFE,3
DEC_1,0.9909281228192603,0.017351479803897535,88,RFE,12
DPO_20,0.9909281228192603,0.02020085379106626,88,RFE,20
EBSW_40_10,0.9909281228192603,0.005942608938288123,88,RFE,14
ER_10,0.9909281228192603,0.005145202750418561,88,RFE,12
FISHERT_9_1,0.9909281228192603,0.005747862985580139,88,RFE,7
FISHERTs_9_1,0.9909281228192603,0.004986613185510131,88,RFE,10
INC_1,0.9909281228192603,0.016325244329788876,88,RFE,8
D_9_3,0.9909281228192603,0.004741127088790862,88,RFE,11
J_9_3,0.9909281228192603,0.005564405556322637,88,RFE,6
LOGRET_1,0.9909281228192603,0.031043997748542433,88,RFE,20
MASSI_9_25,0.9909281228192603,0.004646621535851167,88,RFE,7
NVI_1,0.9909281228192603,0.004952943631005213,88,RFE,1
PDIST,0.9909281228192603,0.005133463388146858,88,RFE,9
PCTRET_1,0.9909281228192603,0.02673169043144393,88,RFE,20
PVOL,0.9909281228192603,0.005524549206476473,88,RFE,8
PVR,0.9909281228192603,0.011015256237860711,88,RFE,8
RSI_14,0.9909281228192603,0.00587140269821271,88,RFE,2
RVI_14,0.9909281228192603,0.0068040149492351295,88,RFE,16
SLOPE_1,0.9909281228192603,0.021510324027759688,88,RFE,20
SMIo_5_20_5,0.9909281228192603,0.005367422232667589,88,RFE,4
STOCHd_14_3_3,0.9909281228192603,0.005261946736417376,88,RFE,7
ADOSC_10_50,0.9909281228192603,0.0056071801561512705,88,RFE,6
COPC_10_50_10,0.9909281228192603,0.004827392236282482,88,RFE,1
KVO_10_50_13,0.9909281228192603,0.00537551317340854,88,RFE,4
MASSI_10_50,0.9909281228192603,0.004709403349959559,88,RFE,3
SMI_10_50_5,0.9909281228192603,0.006031037963579716,88,RFE,13
TSI_10_50_13,0.9909281228192603,0.005872425909978059,88,RFE,9
UO_10_14_50,0.9909281228192603,0.004938560641457725,88,RFE,5
HA_high_low,0.9909281228192603,0.0047770080626480865,88,RFE,9
volume_tlb,0.9909281228192603,0.007138262380033046,88,RFE,16
tlb_slowk,0.9909281228192603,0.005638542321492356,88,RFE,9
tlb_CMF,0.9909281228192603,0.005380274445100208,88,RFE,10
tlb_WilliamsR,0.9909281228192603,0.005468082804070458,88,RFE,13
tlb_ADX,0.9909281228192603,0.005117226210491849,88,RFE,6
price_diff,0.9909281228192603,0.025232929817335655,88,RFE,20
op_cl_diff,0.9909281228192603,0.017895268891479462,88,RFE,20
pct_change,0.9909281228192603,0.028267427058901496,88,RFE,20
diff_1,0.9909281228192603,0.028084856235367144,88,RFE,20
diff_5,0.9909281228192603,0.005021307344116869,88,RFE,1
williams_r,0.9909281228192603,0.005271721304234881,88,RFE,12
obv,0.9909281228192603,0.00503182466645479,88,RFE,3
lag_return_1,0.9909281228192603,0.005748342625701508,88,RFE,13
lag_return_2,0.9909281228192603,0.005569345148456326,88,RFE,10
lag_return_3,0.9909281228192603,0.00590210742355045,88,RFE,11
lag_return_4,0.9909281228192603,0.005160670763995614,88,RFE,9
lag_return_5,0.9909281228192603,0.005520456889491944,88,RFE,7
ema_to_ma_5,0.9909281228192603,0.005422181284386349,88,RFE,6
ma5_to_ma10,0.9909281228192603,0.005854071053211996,88,RFE,5
price_to_prev_high,0.9909281228192603,0.006919656064043448,88,RFE,15
price_to_prev_low,0.9909281228192603,0.0063496646633786,88,RFE,15
return_volume_corr_5,0.9909281228192603,0.004803073831142465,88,RFE,10
return_volume_corr_10,0.9909281228192603,0.005185501418904039,88,RFE,5
return_volume_corr_50,0.9909281228192603,0.005014862513760289,88,RFE,10
price_volume_corr_5,0.9909281228192603,0.005375602667930243,88,RFE,9
price_volume_corr_10,0.9909281228192603,0.004875894139082199,88,RFE,5
price_volume_corr_50,0.9909281228192603,0.005287778708367896,88,RFE,6
price_volume_corr_100,0.9909281228192603,0.004893697878066942,88,RFE,2
price_to_volume,0.9909281228192603,0.0053238974026637055,88,RFE,15
vrsi,0.9909281228192603,0.005119430964867428,88,RFE,10
volume_change,0.9909281228192603,0.00583242342225237,88,RFE,15
volume_ma_5,0.9909281228192603,0.00564213639706377,88,RFE,4
volume_std_5,0.9909281228192603,0.005188615087756345,88,RFE,9
volume_std_10,0.9909281228192603,0.005020517668807579,88,RFE,2
volume_to_ma_volume,0.9909281228192603,0.004724529410672996,88,RFE,6
close_change,0.9909281228192603,0.015240067600462195,88,RFE,20
high_pct,0.9909281228192603,0.004920872725706388,88,RFE,7
volume_ema5,0.9909281228192603,0.005189273596515198,88,RFE,13
price_to_ema5,0.9909281228192603,0.006280269017545564,88,RFE,6
volume_change_roll5,0.9909281228192603,0.004910030393354927,88,RFE,4
turnover,0.9909281228192603,0.004906819334787574,88,RFE,7
BBP_5_2.0_5,0.9909281228192603,0.008463995188717372,88,RFE,19
hollow_candle,0.9909281228192603,0.02891598090719543,88,RFE,16
equivolume_width,0.9909281228192603,0.0057253630866502606,88,RFE,14
kagi_dir,0.9909281228192603,0.23440857715380678,88,RFE,20
kagi_volume,0.9909281228192603,0.021735723204086718,88,RFE,20
kagi_macdhist,0.9909281228192603,0.006103544542776409,88,RFE,10
kagi_rsi,0.9909281228192603,0.01605107994276308,88,RFE,20
kagi_slowk,0.9909281228192603,0.023400760875033937,88,RFE,20
kagi_slowd,0.9909281228192603,0.008321508770397027,88,RFE,17
kagi_atr,0.9909281228192603,0.005084826497875711,88,RFE,3
kagi_adx,0.9909281228192603,0.004800935251997832,88,RFE,3
volume,0.989517819706499,0.007031835133302799,66,RFE,15
BBP_5_2.0,0.989517819706499,0.00944420263148731,66,RFE,16
BOP,0.989517819706499,0.03797712301404225,66,RFE,20
low_Z_30_1,0.989517819706499,0.006844273729090615,66,RFE,10
CFO_9,0.989517819706499,0.007015108178538797,66,RFE,11
CG_10,0.989517819706499,0.007700924146295698,66,RFE,3
CMO_14,0.989517819706499,0.006967572926075398,66,RFE,3
DEC_1,0.989517819706499,0.010768059988975787,66,RFE,12
DPO_20,0.989517819706499,0.024594028880471963,66,RFE,20
EBSW_40_10,0.989517819706499,0.008621186342836549,66,RFE,14
FISHERT_9_1,0.989517819706499,0.006770954031860828,66,RFE,7
FISHERTs_9_1,0.989517819706499,0.007566854264297688,66,RFE,10
D_9_3,0.989517819706499,0.007172864177274301,66,RFE,11
J_9_3,0.989517819706499,0.006076879497960702,66,RFE,6
LOGRET_1,0.989517819706499,0.044350460027436096,66,RFE,20
MASSI_9_25,0.989517819706499,0.00632158652354679,66,RFE,7
PCTRET_1,0.989517819706499,0.021163865383037387,66,RFE,20
PVOL,0.989517819706499,0.007890519093506207,66,RFE,8
PVR,0.989517819706499,0.0188936381919728,66,RFE,8
RVI_14,0.989517819706499,0.007744278225958168,66,RFE,16
SKEW_30,0.989517819706499,0.006499215254038719,66,RFE,12
SLOPE_1,0.989517819706499,0.021594851135991362,66,RFE,20
SMIo_5_20_5,0.989517819706499,0.006238189888623202,66,RFE,4
TSI_13_25_13,0.989517819706499,0.00672625105048218,66,RFE,2
WILLR_14,0.989517819706499,0.00645429334848163,66,RFE,12
MASSI_10_50,0.989517819706499,0.006311550181259971,66,RFE,3
SMI_10_50_5,0.989517819706499,0.007991790195314489,66,RFE,13
HA_high_low,0.989517819706499,0.006797196395631352,66,RFE,9
volume_tlb,0.989517819706499,0.00910378278992976,66,RFE,16
tlb_slowk,0.989517819706499,0.006461207557725556,66,RFE,9
tlb_slowd,0.989517819706499,0.006597290615901505,66,RFE,10
tlb_CMF,0.989517819706499,0.0061912345750459695,66,RFE,10
tlb_WilliamsR,0.989517819706499,0.006958358521320755,66,RFE,13
price_diff,0.989517819706499,0.014982390430671386,66,RFE,20
op_cl_diff,0.989517819706499,0.02037269694283452,66,RFE,20
pct_change,0.989517819706499,0.017590692499090562,66,RFE,20
diff_1,0.989517819706499,0.018260311201568655,66,RFE,20
diff_18,0.989517819706499,0.006201154382029695,66,RFE,2
lag_return_1,0.989517819706499,0.0070537505928303,66,RFE,13
lag_return_3,0.989517819706499,0.007302216258467421,66,RFE,11
lag_return_4,0.989517819706499,0.0066973341251626625,66,RFE,9
ema_to_ma_5,0.989517819706499,0.005875820321240527,66,RFE,6
price_to_prev_high,0.989517819706499,0.008733921142125617,66,RFE,15
price_to_prev_low,0.989517819706499,0.006895095104461664,66,RFE,15
return_volume_corr_50,0.989517819706499,0.00692771321539289,66,RFE,10
price_volume_corr_5,0.989517819706499,0.006010096363251892,66,RFE,9
price_volume_corr_50,0.989517819706499,0.0068476787132468455,66,RFE,6
price_volume_corr_100,0.989517819706499,0.006006455423874704,66,RFE,2
price_to_volume,0.989517819706499,0.006944142443801578,66,RFE,15
volume_change,0.989517819706499,0.007156971947727458,66,RFE,15
volume_std_5,0.989517819706499,0.006838774267292748,66,RFE,9
close_change,0.989517819706499,0.022479143961405764,66,RFE,20
high_pct_roll5,0.989517819706499,0.0066366548639719665,66,RFE,6
volume_ema5,0.989517819706499,0.00787423862977192,66,RFE,13
turnover,0.989517819706499,0.0077373650463063584,66,RFE,7
BBP_5_2.0_5,0.989517819706499,0.0083766458022527,66,RFE,19
hollow_candle,0.989517819706499,0.027930833697470882,66,RFE,16
equivolume_width,0.989517819706499,0.008595641490861608,66,RFE,14
kagi_dir,0.989517819706499,0.2761695172509638,66,RFE,20
kagi_start,0.989517819706499,0.007017211596195901,66,RFE,8
kagi_volume,0.989517819706499,0.02558627803718606,66,RFE,20
kagi_macdhist,0.989517819706499,0.007565603576950249,66,RFE,10
kagi_rsi,0.989517819706499,0.017598963513673897,66,RFE,20
kagi_slowk,0.989517819706499,0.029383854119695324,66,RFE,20
kagi_slowd,0.989517819706499,0.00965205462041487,66,RFE,17
kagi_atr,0.989517819706499,0.005857352520093129,66,RFE,3
volume,0.9909281228192603,0.007844247197069436,44,RFE,15
BBP_5_2.0,0.9909281228192603,0.008691239625667924,44,RFE,16
BOP,0.9909281228192603,0.04452727836186444,44,RFE,20
CG_10,0.9909281228192603,0.008573113131485847,44,RFE,3
CMO_14,0.9909281228192603,0.010245447935149402,44,RFE,3
DEC_1,0.9909281228192603,0.011769034251191707,44,RFE,12
DPO_20,0.9909281228192603,0.030062300714143342,44,RFE,20
EBSW_40_10,0.9909281228192603,0.00902806621862737,44,RFE,14
FISHERT_9_1,0.9909281228192603,0.008982360623216917,44,RFE,7
FISHERTs_9_1,0.9909281228192603,0.007485806491640527,44,RFE,10
J_9_3,0.9909281228192603,0.008592250817389811,44,RFE,6
LOGRET_1,0.9909281228192603,0.020175005786029713,44,RFE,20
PCTRET_1,0.9909281228192603,0.02110849919351301,44,RFE,20
PVOL,0.9909281228192603,0.007403993485861093,44,RFE,8
PVR,0.9909281228192603,0.011991777207650834,44,RFE,8
QQE_14_5_4.236_RSIMA,0.9909281228192603,0.009574213465245136,44,RFE,5
RVI_14,0.9909281228192603,0.008908917126391228,44,RFE,16
SLOPE_1,0.9909281228192603,0.028317115287793907,44,RFE,20
STOCHd_14_3_3,0.9909281228192603,0.007755956706214199,44,RFE,7
WILLR_14,0.9909281228192603,0.008414509116353669,44,RFE,12
MACD_10_50_9,0.9909281228192603,0.00909456529031638,44,RFE,1
SMI_10_50_5,0.9909281228192603,0.010048128743489723,44,RFE,13
volume_tlb,0.9909281228192603,0.007653549143625807,44,RFE,16
price_diff,0.9909281228192603,0.021125982737995423,44,RFE,20
op_cl_diff,0.9909281228192603,0.04213280656888879,44,RFE,20
pct_change,0.9909281228192603,0.019770006149724777,44,RFE,20
diff_1,0.9909281228192603,0.018686593409963172,44,RFE,20
lag_return_3,0.9909281228192603,0.007880695349922043,44,RFE,11
price_to_prev_high,0.9909281228192603,0.008493735072839188,44,RFE,15
price_to_volume,0.9909281228192603,0.007957962310491454,44,RFE,15
volume_change,0.9909281228192603,0.00770412383459082,44,RFE,15
volume_ma_5,0.9909281228192603,0.007111198342387403,44,RFE,4
close_change,0.9909281228192603,0.03291044650160665,44,RFE,20
close_change_roll5,0.9909281228192603,0.008390996882536023,44,RFE,2
volume_ema5,0.9909281228192603,0.00788098473836542,44,RFE,13
BBP_5_2.0_5,0.9909281228192603,0.0082739293927555,44,RFE,19
hollow_candle,0.9909281228192603,0.02605646015190228,44,RFE,16
equivolume_width,0.9909281228192603,0.009207222686114087,44,RFE,14
kagi_dir,0.9909281228192603,0.36760802323384134,44,RFE,20
kagi_volume,0.9909281228192603,0.02302827211785754,44,RFE,20
kagi_macdhist,0.9909281228192603,0.008408622832517181,44,RFE,10
kagi_rsi,0.9909281228192603,0.019437864616513815,44,RFE,20
kagi_slowk,0.9909281228192603,0.02982746464006018,44,RFE,20
kagi_slowd,0.9909281228192603,0.011859232509195747,44,RFE,17
volume,0.9930069930069931,0.015018707241831427,22,RFE,15
BOP,0.9930069930069931,0.07553070901292719,22,RFE,20
DPO_20,0.9930069930069931,0.027842535735002023,22,RFE,20
EBSW_40_10,0.9930069930069931,0.012702030055638339,22,RFE,14
LOGRET_1,0.9930069930069931,0.03866696853040007,22,RFE,20
PCTRET_1,0.9930069930069931,0.03325153344676264,22,RFE,20
RSI_14,0.9930069930069931,0.01420103303910248,22,RFE,2
SLOPE_1,0.9930069930069931,0.01666690155058899,22,RFE,20
TSI_10_50_13,0.9930069930069931,0.013781609962553778,22,RFE,9
volume_tlb,0.9930069930069931,0.012644820259973908,22,RFE,16
price_diff,0.9930069930069931,0.0216273498340911,22,RFE,20
op_cl_diff,0.9930069930069931,0.062422667432305304,22,RFE,20
pct_change,0.9930069930069931,0.029592759256423955,22,RFE,20
diff_1,0.9930069930069931,0.04207977144353092,22,RFE,20
close_change,0.9930069930069931,0.02256756804345508,22,RFE,20
BBP_5_2.0_5,0.9930069930069931,0.014361068953139603,22,RFE,19
hollow_candle,0.9930069930069931,0.037380350036643244,22,RFE,16
kagi_dir,0.9930069930069931,0.42726791845084716,22,RFE,20
kagi_volume,0.9930069930069931,0.0222903156715739,22,RFE,20
kagi_rsi,0.9930069930069931,0.02023224983235307,22,RFE,20
kagi_slowk,0.9930069930069931,0.02749384667515721,22,RFE,20
kagi_slowd,0.9930069930069931,0.012377285535698774,22,RFE,17
